ID,UniqueName,Is Auto Point,Story,PointBay,IsSpecial,X,Y,Z,Code,Envelope:QG2+(100/30-BSE-2E)/J-Max,Envelope:QG2+(100/30-BSE-2E)/J-Min,Envelope:QG1+(100/30-BSE-2E)/J-Max,Envelope:QG1+(100/30-BSE-2E)/J-Min,Max Compression-J,Max Tension-J,Envelope:QG2+(100/30-BSE-1E)/m-Max,Envelope:QG2+(100/30-BSE-1E)/m-Min,Envelope:QG2+(100/30-BSE-2E)/m-Max,Envelope:QG2+(100/30-BSE-2E)/m-Min,Max Compression-m,Max Tension-m
Base-6,940,No,Base,6,No,341,133.6667,0,0,108,-93.4,109.7,-91.7,109.7,-93.4,65.7,-51.1,59.9,-45.4,65.7,-51.1
Base-11,905,No,Base,11,No,142.4167,0,0,0,315.6,-116,345.5,-86.1,345.5,-116,225,-25.3,213.1,-13.4,225,-25.3
Base-13,630,No,Base,13,No,120.75,0,0,0,800.3,-611.3,828.5,-583.2,828.5,-611.3,503.8,-314.8,473,-284,503.8,-314.8
Base-16,941,No,Base,16,No,341,165,0,0,21.1,2.3,24,5.2,24,2.3,17.1,6.2,16.6,6.7,17.1,6.2
Base-17,3684,No,Base,17,No,341,158.0833,0,0,63.3,-52.8,64.6,-51.5,64.6,-52.8,38.9,-28.4,35.7,-25.1,38.9,-28.4
Base-20,4915,No,Base,20,No,341,182.1667,0,0,65.6,-53.5,67.1,-52,67.1,-53.5,40.6,-28.5,37.2,-25.1,40.6,-28.5
Base-25,944,No,Base,25,No,341,204.8333,0,0,96.5,-80.8,98.4,-78.9,98.4,-80.8,59.2,-43.6,54.2,-38.6,59.2,-43.6
Base-26,6884,No,Base,26,No,341,188.3333,0,0,56.9,-46.6,58.1,-45.3,58.1,-46.6,35.1,-24.8,32.2,-21.9,35.1,-24.8
Base-35,946,No,Base,35,No,341,210.1667,0,0,95.8,-84.6,97.2,-83.2,97.2,-84.6,57.9,-46.7,52.8,-41.6,57.9,-46.7
Base-36,947,No,Base,36,No,341,209,0,0,20,-17.7,20.2,-17.5,20.2,-17.7,12.1,-9.8,11,-8.8,12.1,-9.8
Base-39,948,No,Base,39,No,341,173.5833,0,0,23.9,2.9,27.3,6.2,27.3,2.9,19.5,7.3,18.9,7.9,19.5,7.3
Base-42,949,No,Base,42,No,341,196.5833,0,0,61.5,-41.9,64,-39.5,64,-41.9,39.8,-20.2,36.9,-17.2,39.8,-20.2
Base-56,950,No,Base,56,No,246.4167,133.6667,0,0,268.8,-218.9,275.9,-211.8,275.9,-218.9,166.3,-116.5,152.6,-102.7,166.3,-116.5
Base-63,877,No,Base,63,No,246.4167,110.3333,0,0,491.1,-283.3,521.6,-252.7,521.6,-283.3,328.4,-120.6,306.5,-98.7,328.4,-120.6
Base-66,951,No,Base,66,No,246.4167,115.3333,0,0,287.3,-236.6,294.6,-229.3,294.6,-236.6,177.2,-126.6,162.5,-111.9,177.2,-126.6
Base-133,709,No,Base,133,No,246.4167,149.3333,0,0,204.1,12.9,237.9,46.8,237.9,12.9,163.9,53.1,158.5,58.5,163.9,53.1
Base-134,710,No,Base,134,No,246.4167,165,0,0,233.7,13.8,272,52.1,272,13.8,187.5,60,181.3,66.2,187.5,60
Base-135,711,No,Base,135,No,246.4167,188.3333,0,0,417.2,-146.5,457.9,-105.7,457.9,-146.5,298.8,-28.1,282.9,-12.3,298.8,-28.1
Base-137,954,No,Base,137,No,255.0833,133.6667,0,0,126.2,-86.3,131.9,-80.6,131.9,-86.3,81.6,-41.7,75.6,-35.7,81.6,-41.7
Base-145,955,No,Base,145,No,255.0833,115.3333,0,0,153.3,-95.8,161.5,-87.6,161.5,-95.8,101,-43.5,94.4,-37,101,-43.5
Base-151,956,No,Base,151,No,255.0833,91.5,0,0,207.9,-183.1,211.1,-179.9,211.1,-183.1,125.7,-101,114.7,-90,125.7,-101
Base-156,957,No,Base,156,No,207.5,91.5,0,0,131.8,-52,143.6,-40.2,143.6,-52,93.2,-13.4,88.3,-8.5,93.2,-13.4
Base-159,958,No,Base,159,No,232.3333,91.5,0,0,67.5,-41,70.8,-37.7,70.8,-41,44.7,-18.2,42,-15.5,44.7,-18.2
Base-166,959,No,Base,166,No,196.75,29.7083,0,0,84.2,-13.6,95.4,-2.3,95.4,-13.6,63.7,7,61.4,9.2,63.7,7
Base-167,960,No,Base,167,No,196.75,23.7083,0,0,161.8,-80,174.7,-67.1,174.7,-80,111,-29.2,105.5,-23.6,111,-29.2
Base-173,961,No,Base,173,No,196.75,32.8333,0,0,153.4,-93.4,162.8,-83.9,162.8,-93.4,101.5,-41.6,94.7,-34.7,101.5,-41.6
Base-179,962,No,Base,179,No,196.75,44.9375,0,0,81.8,24.8,99,41.9,99,24.8,69.9,36.8,68.3,38.3,69.9,36.8
Base-181,963,No,Base,181,No,196.75,47.6042,0,0,122.8,-16.2,139.9,0.8,139.9,-16.2,93.6,13,89.8,16.8,93.6,13
Base-185,964,No,Base,185,No,196.75,59.9792,0,0,150.5,-41.9,168,-24.4,168,-41.9,110.1,-1.5,104.8,3.9,110.1,-1.5
Base-202,381,No,Base,202,Yes,196.75,76.8333,0,0,199.5,-121.2,211.8,-108.9,211.8,-121.2,132.1,-53.8,123.2,-45,132.1,-53.8
Base-387,968,No,Base,387,No,196.75,17.5,0,0,140.3,-80.1,149.8,-70.6,149.8,-80.1,94,-33.8,89,-28.9,94,-33.8
Base-388,969,No,Base,388,No,196.75,14,0,0,262.7,-192.9,274.2,-181.4,274.2,-192.9,167,-97.2,154.4,-84.7,167,-97.2
Base-389,693,No,Base,389,No,196.75,0,0,0,631.1,-415.3,664,-382.4,664,-415.3,411.3,-195.5,389.1,-173.3,411.3,-195.5
Base-401,1283,No,Base,401,No,122.75,14,0,0,89.5,-27.2,98.4,-18.3,98.4,-27.2,65,-2.7,61.7,0.6,65,-2.7
Base-402,1275,No,Base,402,No,120.75,14,0,0,347,-204.8,368.5,-183.3,368.5,-204.8,231.1,-88.9,217.7,-75.6,231.1,-88.9
Base-407,1285,No,Base,407,No,131.9167,14,0,0,9.8,-4.2,10.4,-3.5,10.4,-4.2,6.8,-1.3,6.5,-0.9,6.8,-1.3
Base-412,970,No,Base,412,No,140.75,14,0,0,91.1,35.2,113.6,57.7,113.6,35.2,79.3,46.9,78,48.3,79.3,46.9
Base-417,971,No,Base,417,No,144,14,0,0,-1,-44.6,-9.1,-52.7,-1,-52.7,-10.1,-35.4,-11.2,-34.4,-10.1,-35.4
Base-426,972,No,Base,426,No,157,14,0,0,163.6,-113,172.3,-104.4,172.3,-113,105.5,-54.9,99.1,-48.5,105.5,-54.9
Base-427,973,No,Base,427,No,148,14,0,0,44,-45.6,43.5,-46.1,44,-46.1,25.2,-26.8,23.1,-24.7,25.2,-26.8
Base-452,671,No,Base,452,No,175.5833,0,0,0,488.3,-258.2,522.4,-224.2,522.4,-258.2,331.5,-101.4,310.8,-80.7,331.5,-101.4
Base-457,974,No,Base,457,No,167.0833,8.6667,0,0,140.5,-83.9,148.4,-76,148.4,-83.9,93.3,-36.8,87.1,-30.6,93.3,-36.8
Base-459,975,No,Base,459,No,171.5833,8.6667,0,0,180.6,-124.8,188.4,-117,188.4,-124.8,116.4,-60.7,108,-52.3,116.4,-60.7
Base-464,976,No,Base,464,No,175.5833,8.6667,0,0,289.9,-218.1,300,-208,300,-218.1,183.2,-111.4,169.3,-97.6,183.2,-111.4
Base-512,977,No,Base,512,No,157.25,8.6667,0,0,180.5,-103.3,191.3,-92.4,191.3,-103.3,120.9,-43.7,113,-35.8,120.9,-43.7
Base-513,978,No,Base,513,No,162.1667,8.6667,0,0,118.6,-67.3,125.8,-60.1,125.8,-67.3,79.6,-28.2,74.3,-23,79.6,-28.2
Base-516,979,No,Base,516,No,157.25,4.5,0,0,174.4,-95.9,185.4,-84.9,185.4,-95.9,117.6,-39.1,111.3,-32.8,117.6,-39.1
Base-517,7167,No,Base,517,No,157.25,0,0,0,185.7,-157.5,189.7,-153.5,189.7,-157.5,113.6,-85.4,104.3,-76,113.6,-85.4
Base-530,981,No,Base,530,No,175.5833,4.5,0,0,224,-170.2,231.8,-162.4,231.8,-170.2,141.2,-87.4,132.2,-78.5,141.2,-87.4
Base-552,1644,No,Base,552,No,120.75,25.5,0,0,67.5,-21.9,74.7,-14.8,74.7,-21.9,48.7,-3.1,46.3,-0.7,48.7,-3.1
Base-553,1643,No,Base,553,No,120.75,22,0,0,204.7,-153.1,212.9,-144.9,212.9,-153.1,129.5,-78,119.3,-67.8,129.5,-78
Base-559,1648,No,Base,559,No,120.75,32.8333,0,0,148.3,-85.2,158.2,-75.3,158.2,-85.2,99.3,-36.2,92.6,-29.5,99.3,-36.2
Base-560,3167,No,Base,560,No,120.75,28.5,0,0,220.3,-182,226.4,-175.9,226.4,-182,135.8,-97.5,124.2,-86,135.8,-97.5
Base-566,1653,No,Base,566,No,120.75,36.5,0,0,131.8,-62.2,143.5,-50.5,143.5,-62.2,91,-21.5,85.6,-16,91,-21.5
Base-569,984,No,Base,569,No,159.4167,14,0,0,132.8,-52.9,146.7,-39,146.7,-52.9,93.8,-13.9,89.5,-9.6,93.8,-13.9
Base-589,1670,No,Base,589,No,120.75,56.5,0,0,57.1,16.2,68.6,27.6,68.6,16.2,48.5,24.8,47.4,25.9,48.5,24.8
Base-590,1669,No,Base,590,No,120.75,53,0,0,118.5,-72.2,125.8,-64.9,125.8,-72.2,78.5,-32.1,73.1,-26.7,78.5,-32.1
Base-591,1671,No,Base,591,No,120.75,58.8333,0,0,155.4,-81.4,166.9,-69.9,166.9,-81.4,105.7,-31.6,98.8,-24.8,105.7,-31.6
Base-593,1672,No,Base,593,No,120.75,64.8333,0,0,109.1,-35.7,120.5,-24.3,120.5,-35.7,78.7,-5.3,74.7,-1.3,78.7,-5.3
Base-594,985,No,Base,594,No,167.0833,14,0,0,85.3,28.7,105.1,48.5,105.1,28.7,73.4,40.6,72.1,41.9,73.4,40.6
Base-601,1675,No,Base,601,No,120.75,67.8333,0,0,113.6,-39.3,125.1,-27.8,125.1,-39.3,81.4,-7.2,77.2,-3,81.4,-7.2
Base-609,986,No,Base,609,No,120.75,73.8333,0,0,110.4,-37.6,121.7,-26.3,121.7,-37.6,79.4,-6.5,75.3,-2.5,79.4,-6.5
Base-614,987,No,Base,614,No,120.75,76.8333,0,0,144.4,-77.2,154.8,-66.9,154.8,-77.2,97.8,-30.7,91.7,-24.6,97.8,-30.7
Base-619,988,No,Base,619,No,120.75,82.8333,0,0,52.4,-20.2,57.3,-15.4,57.3,-20.2,37.2,-5,35.2,-3,37.2,-5
Base-624,989,No,Base,624,No,120.75,83.8333,0,0,52.9,-21.4,57.6,-16.7,57.6,-21.4,37.3,-5.8,35.7,-4.2,37.3,-5.8
Base-629,990,No,Base,629,No,120.75,89.8333,0,0,162.1,-110.7,169.7,-103.1,169.7,-110.7,104.8,-53.4,98.3,-47,104.8,-53.4
Base-634,991,No,Base,634,No,120.75,91.5,0,0,272.4,-188.9,284.9,-176.4,284.9,-188.9,175.5,-92,164.6,-81.2,175.5,-92
Base-641,992,No,Base,641,No,175.5833,14,0,0,67.1,30,83.7,46.6,83.7,30,59.3,37.8,58.3,38.8,59.3,37.8
Base-812,1827,No,Base,812,No,120.75,40.5,0,0,79.1,18.8,94.4,34.1,94.4,18.8,66.5,31.5,65.1,32.9,66.5,31.5
Base-813,1828,No,Base,813,No,120.75,47.5,0,0,122.8,-39,135.8,-26,135.8,-39,88.8,-5,84.4,-0.5,88.8,-5
Base-814,1288,No,Base,814,No,120.75,50,0,0,149.6,-136.3,152.4,-133.5,152.4,-136.3,89.5,-76.3,81.3,-68.1,89.5,-76.3
Base-848,993,No,Base,848,No,183.5,14,0,0,99.4,-21.7,112.2,-8.9,112.2,-21.7,73.9,3.7,70.6,7.1,73.9,3.7
Base-853,994,No,Base,853,No,192.75,14,0,0,209.5,-135.6,221.5,-123.6,221.5,-135.6,137,-63.1,127.5,-53.6,137,-63.1
Base-858,995,No,Base,858,No,188.125,14,0,0,131.4,-63.6,142.4,-52.6,142.4,-63.6,90.4,-22.7,85,-17.3,90.4,-22.7
Base-862,1284,No,Base,862,No,127.3333,14,0,0,53.6,-36.4,55.6,-34.4,55.6,-36.4,34.7,-17.5,32.6,-15.5,34.7,-17.5
Base-867,1286,No,Base,867,No,136.3333,14,0,0,109.2,-61.5,117.5,-53.2,117.5,-61.5,73.4,-25.6,69.4,-21.6,73.4,-25.6
Base-872,996,No,Base,872,No,152.5,14,0,0,114.2,-94.5,117.4,-91.4,117.4,-94.5,70.4,-50.7,65.5,-45.8,70.4,-50.7
Base-883,998,No,Base,883,No,133.25,91.5,0,0,168.1,-119.5,175.3,-112.3,175.3,-119.5,107.7,-59.1,99.6,-51,107.7,-59.1
Base-984,999,No,Base,984,No,127,91.5,0,0,98.5,-25.6,109.3,-14.9,109.3,-25.6,72.4,0.4,68.7,4.2,72.4,0.4
Base-1043,1000,No,Base,1043,No,143.8333,100.3333,0,0,146,-20.4,164.9,-1.6,164.9,-20.4,111.1,14.5,106.9,18.7,111.1,14.5
Base-1046,1001,No,Base,1046,No,53.9167,91.5,0,0,86.5,-61.9,89.9,-58.6,89.9,-61.9,55.3,-30.8,51.3,-26.7,55.3,-30.8
Base-1047,1002,No,Base,1047,No,50.9167,91.5,0,0,152.5,-127.5,156,-124,156,-127.5,93.7,-68.7,86.1,-61.1,93.7,-68.7
Base-1051,1003,No,Base,1051,No,59.9167,91.5,0,0,48.9,-23.8,52.2,-20.5,52.2,-23.8,33.6,-8.5,31.7,-6.6,33.6,-8.5
Base-1055,1004,No,Base,1055,No,64.4167,91.5,0,0,31.4,-9.9,34,-7.3,34,-9.9,22.7,-1.2,21.6,-0.1,22.7,-1.2
Base-1059,1005,No,Base,1059,No,70.4167,91.5,0,0,112.7,-96.3,114.4,-94.6,114.4,-96.3,68.8,-52.4,63,-46.7,68.8,-52.4
Base-1063,1006,No,Base,1063,No,74.9167,91.5,0,0,136.4,-133.8,136.4,-133.8,136.4,-133.8,79.6,-77,72.3,-69.7,79.6,-77
Base-1067,1007,No,Base,1067,No,78.9167,91.5,0,0,94.1,-77.3,96.3,-75.2,96.3,-77.3,58.1,-41.3,53.5,-36.7,58.1,-41.3
Base-1071,1008,No,Base,1071,No,85.4167,91.5,0,0,41.7,-21.3,44,-19,44,-21.3,28.5,-8.1,26.7,-6.3,28.5,-8.1
Base-1075,1009,No,Base,1075,No,91.4167,91.5,0,0,17,2.1,19.3,4.4,19.3,2.1,13.9,5.2,13.6,5.5,13.9,5.2
Base-1079,1010,No,Base,1079,No,95.9167,91.5,0,0,23.1,-1.7,25.7,0.9,25.7,-1.7,17.9,3.5,17.2,4.3,17.9,3.5
Base-1083,1011,No,Base,1083,No,101.9167,91.5,0,0,46.5,-18.7,50.1,-15.1,50.1,-18.7,32.8,-5,31.4,-3.6,32.8,-5
Base-1087,1012,No,Base,1087,No,106.4167,91.5,0,0,49.1,-28.3,51.7,-25.7,51.7,-28.3,32.9,-12.1,30.6,-9.8,32.9,-12.1
Base-1091,1013,No,Base,1091,No,112.4167,91.5,0,0,47.3,-40.1,48.1,-39.3,48.1,-40.1,28.9,-21.8,26.6,-19.4,28.9,-21.8
Base-1102,1014,No,Base,1102,No,114.9167,91.5,0,0,29.3,-29.2,29.3,-29.2,29.3,-29.2,17,-16.9,15.5,-15.3,17,-16.9
Base-1107,1015,No,Base,1107,No,118.4167,91.5,0,0,162.6,-128.6,167.8,-123.5,167.8,-128.6,101.4,-67.4,94.3,-60.3,101.4,-67.4
Base-1146,1016,No,Base,1146,No,143.8333,93.1667,0,0,284.4,-207.4,295.9,-195.9,295.9,-207.4,181.1,-104.1,167.3,-90.2,181.1,-104.1
Base-1182,860,No,Base,1182,No,128.75,110.3333,0,0,279,59.4,331.4,111.9,331.4,59.4,232.8,105.5,226.8,111.6,232.8,105.5
Base-1183,861,No,Base,1183,No,79.5833,110.3333,0,0,276,163.8,345.6,233.4,345.6,163.8,252.5,187.4,249.3,190.6,252.5,187.4
Base-1297,662,No,Base,1297,No,168.1667,110.3333,0,0,269.7,65,324.7,120,324.7,65,226.7,108,221.3,113.4,226.7,108
Base-1299,879,No,Base,1299,No,220.75,110.3333,0,0,141.3,120.3,183.3,162.2,183.3,120.3,136.9,124.7,136.3,125.3,136.9,124.7
Base-1330,1017,No,Base,1330,No,246.4167,121.4444,0,0,106.4,-57.3,113.6,-50.1,113.6,-57.3,72,-22.9,67.4,-18.3,72,-22.9
Base-1331,1018,No,Base,1331,No,246.4167,127.5556,0,0,102.5,-43.5,111.1,-34.9,111.1,-43.5,71.8,-12.8,67.7,-8.7,71.8,-12.8
Base-1391,1019,No,Base,1391,No,271.4167,133.6667,0,0,70.3,-43,73.8,-39.4,73.8,-43,46.5,-19.2,43.5,-16.1,46.5,-19.2
Base-1401,1020,No,Base,1401,No,259.1667,133.6667,0,0,94.6,-60.3,99.3,-55.5,99.3,-60.3,62,-27.7,57.7,-23.4,62,-27.7
Base-1402,1021,No,Base,1402,No,263.25,133.6667,0,0,71.6,-41.7,75.7,-37.7,75.7,-41.7,47.8,-17.9,44.6,-14.7,47.8,-17.9
Base-1403,1022,No,Base,1403,No,267.3333,133.6667,0,0,58.7,-31.8,62.2,-28.2,62.2,-31.8,39.7,-12.8,37.2,-10.4,39.7,-12.8
Base-1405,1023,No,Base,1405,No,277.75,133.6667,0,0,64.9,-51.9,66.5,-50.3,66.5,-51.9,40.3,-27.4,37.2,-24.2,40.3,-27.4
Base-1407,1024,No,Base,1407,No,255.0833,110.3333,0,0,81.2,-46.7,85.8,-42,85.8,-46.7,54.3,-19.8,50.9,-16.4,54.3,-19.8
Base-1411,1025,No,Base,1411,No,255.0833,119,0,0,77.3,-60.6,79.6,-58.3,79.6,-60.6,48.3,-31.6,44.5,-27.8,48.3,-31.6
Base-1414,1026,No,Base,1414,No,291.75,133.6667,0,0,40.6,-10.6,44.4,-6.8,44.4,-10.6,29.9,0.2,28.4,1.7,29.9,0.2
Base-1415,1027,No,Base,1415,No,285.75,133.6667,0,0,50,-34.2,52,-32.2,52,-34.2,32.3,-16.5,29.9,-14.1,32.3,-16.5
Base-1418,1028,No,Base,1418,No,319.5,133.6667,0,0,22.2,3.2,25.3,6.2,25.3,3.2,18.2,7.2,17.7,7.7,18.2,7.2
Base-1426,1029,No,Base,1426,No,298.6875,133.6667,0,0,30,-1.6,33.5,1.9,33.5,-1.6,23.4,5.1,22.5,6,23.4,5.1
Base-1427,1030,No,Base,1427,No,305.625,133.6667,0,0,25.9,1.5,29.2,4.8,29.2,1.5,20.8,6.6,20.1,7.3,20.8,6.6
Base-1428,1031,No,Base,1428,No,312.5625,133.6667,0,0,22.7,3.7,25.9,7,25.9,3.7,18.7,7.7,18.2,8.2,18.7,7.7
Base-1433,1032,No,Base,1433,No,326.6667,133.6667,0,0,32.6,-9.4,35.4,-6.6,35.4,-9.4,23.8,-0.6,22.6,0.6,23.8,-0.6
Base-1434,1033,No,Base,1434,No,333.8333,133.6667,0,0,49.3,-32,51.3,-29.9,51.3,-32,32.2,-14.9,29.9,-12.6,32.2,-14.9
Base-1439,1034,No,Base,1439,No,341,137.1667,0,0,69.2,-54.9,70.8,-53.2,70.8,-54.9,43.1,-28.9,39.6,-25.3,43.1,-28.9
Base-1440,1035,No,Base,1440,No,341,141.1667,0,0,43.7,-28.4,45.5,-26.5,45.5,-28.4,28.5,-13.2,26.5,-11.2,28.5,-13.2
Base-1443,1036,No,Base,1443,No,341,149.3333,0,0,30.2,-12.9,32.3,-10.8,32.3,-12.9,21.1,-3.9,19.9,-2.6,21.1,-3.9
Base-1444,1037,No,Base,1444,No,341,152.9167,0,0,45.1,-36.1,46.2,-34.9,46.2,-36.1,28.1,-19,25.8,-16.7,28.1,-19
Base-1448,1038,No,Base,1448,No,341,145.25,0,0,19.3,-3.7,21.1,-1.8,21.1,-3.7,14.4,1.2,13.8,1.8,14.4,1.2
Base-1456,1039,No,Base,1456,No,255.0833,97.7778,0,0,129.6,-103.8,132.9,-100.5,132.9,-103.8,80.5,-54.8,74,-48.2,80.5,-54.8
Base-1457,1040,No,Base,1457,No,255.0833,104.0556,0,0,83.6,-54.2,87.4,-50.4,87.4,-54.2,54.6,-25.3,50.8,-21.4,54.6,-25.3
Base-1460,1041,No,Base,1460,No,196.75,91.5,0,0,122.9,-84.4,128.5,-78.8,128.5,-84.4,79.4,-40.9,73.7,-35.2,79.4,-40.9
Base-1468,1042,No,Base,1468,No,213.7083,91.5,0,0,113.7,-58.2,121.6,-50.3,121.6,-58.2,77.6,-22.1,73.6,-18.1,77.6,-22.1
Base-1469,1043,No,Base,1469,No,219.9167,91.5,0,0,90.7,-52.4,95.9,-47.2,95.9,-52.4,60.7,-22.3,57.2,-18.9,60.7,-22.3
Base-1470,1044,No,Base,1470,No,226.125,91.5,0,0,73.5,-44.2,77.3,-40.4,77.3,-44.2,48.8,-19.5,45.9,-16.5,48.8,-19.5
Base-1475,1045,No,Base,1475,No,239.9167,91.5,0,0,50.6,-26.9,53.5,-24,53.5,-26.9,34.3,-10.6,32.4,-8.6,34.3,-10.6
Base-1476,1046,No,Base,1476,No,247.5,91.5,0,0,63.9,-49.4,65.7,-47.6,65.7,-49.4,40.1,-25.6,36.9,-22.5,40.1,-25.6
Base-1479,1047,No,Base,1479,No,202.125,91.5,0,0,134.1,-39.8,148.2,-25.7,148.2,-39.8,97.6,-3.3,92.4,1.9,97.6,-3.3
Base-1571,1048,No,Base,1571,No,143.8333,103.8333,0,0,135.4,-81,143.7,-72.7,143.7,-81,90,-35.5,83.9,-29.4,90,-35.5
Base-1726,822,No,Base,1726,No,79.5833,188.3333,0,0,125.6,83.6,159.2,117.2,159.2,83.6,116.8,92.4,115.6,93.5,116.8,92.4
Base-1728,823,No,Base,1728,No,100.0833,188.3333,0,0,206.4,145.5,262.7,201.8,262.7,145.5,193.6,158.3,191.9,160,193.6,158.3
Base-1729,824,No,Base,1729,No,128.75,188.3333,0,0,232.5,123.2,289.5,180.3,289.5,123.2,209.5,146.2,206.4,149.3,209.5,146.2
Base-1730,825,No,Base,1730,No,156.25,188.3333,0,0,230.7,117.9,286.7,173.9,286.7,117.9,207,141.6,203.8,144.8,207,141.6
Base-1731,826,No,Base,1731,No,180.3333,188.3333,0,0,225.4,113.4,279.9,167.8,279.9,113.4,201.9,136.9,198.7,140.1,201.9,136.9
Base-1732,827,No,Base,1732,No,207.5,188.3333,0,0,166.7,148.1,217,198.4,217,148.1,162.8,152,162.3,152.6,162.8,152
Base-1733,828,No,Base,1733,No,232.3333,188.3333,0,0,250,8.9,290.7,49.7,290.7,8.9,199.3,59.6,192.6,66.3,199.3,59.6
Base-1736,1049,No,Base,1736,No,60.4167,219.1667,0,0,60.2,-31,63.9,-27.4,63.9,-31,41,-11.9,38.5,-9.3,41,-11.9
Base-1737,1050,No,Base,1737,No,50.9167,219.1667,0,0,185.3,-145.3,190.7,-139.8,190.7,-145.3,115.8,-75.8,106.6,-66.5,115.8,-75.8
Base-1742,1051,No,Base,1742,No,67.4167,219.1667,0,0,50.7,-28.7,53.1,-26.2,53.1,-28.7,34,-12,31.9,-9.8,34,-12
Base-1745,1052,No,Base,1745,No,73.4167,219.1667,0,0,80.9,-75.4,81.2,-75.1,81.2,-75.4,48,-42.6,43.8,-38.3,48,-42.6
Base-1750,1053,No,Base,1750,No,86.4167,219.1667,0,0,55.5,-30.7,58.6,-27.7,58.6,-30.7,37.4,-12.6,35.1,-10.3,37.4,-12.6
Base-1751,1054,No,Base,1751,No,80.9167,219.1667,0,0,86.5,-70.1,88.8,-67.8,88.8,-70.1,53.6,-37.2,49.3,-32.9,53.6,-37.2
Base-1754,1055,No,Base,1754,No,93.4167,219.1667,0,0,49.9,-31.3,51.8,-29.4,51.8,-31.3,32.8,-14.3,30.6,-12.1,32.8,-14.3
Base-1757,1056,No,Base,1757,No,100.0833,219.1667,0,0,83.7,-80.2,83.8,-80.2,83.8,-80.2,49.3,-45.8,44.8,-41.3,49.3,-45.8
Base-1762,1057,No,Base,1762,No,114.9167,219.1667,0,0,79.6,-51.9,83.1,-48.4,83.1,-51.9,52,-24.3,48.4,-20.7,52,-24.3
Base-1763,1058,No,Base,1763,No,108.25,219.1667,0,0,95.1,-77.5,97.5,-75.1,97.5,-77.5,58.9,-41.2,54.1,-36.5,58.9,-41.2
Base-1766,1059,No,Base,1766,No,120.75,219.1667,0,0,32.8,-8.1,35.7,-5.2,35.7,-8.1,24.2,0.5,23,1.6,24.2,0.5
Base-1769,1060,No,Base,1769,No,128.75,219.1667,0,0,23.8,0.8,26.6,3.6,26.6,0.8,18.9,5.6,18.3,6.3,18.9,5.6
Base-1772,1061,No,Base,1772,No,138.4167,219.1667,0,0,23.5,-0.8,26.1,1.8,26.1,-0.8,18.4,4.3,17.7,5,18.4,4.3
Base-1775,1062,No,Base,1775,No,145.4167,219.1667,0,0,33.1,-13.4,35.3,-11.3,35.3,-13.4,23.3,-3.7,22.1,-2.4,23.3,-3.7
Base-1778,1063,No,Base,1778,No,151.4167,219.1667,0,0,70.9,-54.1,72.7,-52.4,72.7,-54.1,44.7,-27.9,41.2,-24.4,44.7,-27.9
Base-1781,1064,No,Base,1781,No,157.4167,219.1667,0,0,82.2,-76.9,82.6,-76.4,82.6,-76.9,48.8,-43.4,44.4,-39.1,48.8,-43.4
Base-1786,1065,No,Base,1786,No,170.9167,219.1667,0,0,66.1,-45.4,68.6,-42.9,68.6,-45.4,42.7,-21.9,39.6,-18.9,42.7,-21.9
Base-1787,1233,No,Base,1787,No,164.4167,219.1667,0,0,78.4,-65.1,80,-63.4,80,-65.1,48.2,-35,44.3,-31,48.2,-35
Base-1790,1066,No,Base,1790,No,175.5833,219.1667,0,0,28.5,-11.1,30.5,-9,30.5,-11.1,20.2,-2.8,19.1,-1.7,20.2,-2.8
Base-1793,1067,No,Base,1793,No,180.3333,219.1667,0,0,12.6,3.3,14.5,5.1,14.5,3.3,10.7,5.3,10.4,5.5,10.7,5.3
Base-1796,1068,No,Base,1796,No,184.5,219.1667,0,0,36.3,-20.6,38.1,-18.8,38.1,-20.6,24.3,-8.6,22.8,-7.1,24.3,-8.6
Base-1811,1069,No,Base,1811,No,207.5,219.1667,0,0,76.1,-71.3,76.6,-70.8,76.6,-71.3,45.1,-40.3,41.1,-36.3,45.1,-40.3
Base-1816,1070,No,Base,1816,No,220.75,210.1667,0,0,95.1,-47.7,101,-41.8,101,-47.7,65.1,-17.7,61.2,-13.8,65.1,-17.7
Base-1817,1071,No,Base,1817,No,213.1667,210.1667,0,0,122.7,-102.5,125.2,-100,125.2,-102.5,75.4,-55.2,69.2,-49,75.4,-55.2
Base-1820,1072,No,Base,1820,No,229.5,210.1667,0,0,69.2,-21.2,75.1,-15.2,75.1,-21.2,50.2,-2.2,47.7,0.3,50.2,-2.2
Base-1823,1073,No,Base,1823,No,238.7083,210.1667,0,0,123.7,-101.2,126.5,-98.3,126.5,-101.2,76.5,-53.9,70.3,-47.7,76.5,-53.9
Base-1830,1074,No,Base,1830,No,276.75,210.1667,0,0,113.4,-91.5,116.2,-88.7,116.2,-91.5,70.3,-48.5,64.7,-42.9,70.3,-48.5
Base-1831,1075,No,Base,1831,No,252.0833,210.1667,0,0,112.6,-90.5,115.2,-87.9,115.2,-90.5,69.9,-47.9,64.3,-42.3,69.9,-47.9
Base-1834,1076,No,Base,1834,No,143.8333,108,0,0,202,-106.7,216.2,-92.4,216.2,-106.7,137.1,-41.8,129.2,-33.9,137.1,-41.8
Base-1835,1077,No,Base,1835,No,143.8333,106.3333,0,0,125.6,-93.5,130.4,-88.7,130.4,-93.5,79.5,-47.5,73.4,-41.4,79.5,-47.5
Base-1838,1078,No,Base,1838,No,319.5,210.1667,0,0,29.5,0.3,33.2,4,33.2,0.3,23.4,6.5,22.6,7.3,23.4,6.5
Base-1839,1079,No,Base,1839,No,290.9167,210.1667,0,0,99.5,-79.4,102,-76.9,102,-79.4,61.9,-41.8,57,-37,61.9,-41.8
Base-1844,1080,No,Base,1844,No,260.3056,210.1667,0,0,69,-21.7,74.9,-15.8,74.9,-21.7,50,-2.6,47.5,-0.2,50,-2.6
Base-1845,1081,No,Base,1845,No,268.5278,210.1667,0,0,77.1,-29.7,83,-23.7,83,-29.7,54.7,-7.2,51.7,-4.3,54.7,-7.2
Base-1855,1082,No,Base,1855,No,298.0625,210.1667,0,0,91,-50.7,96.1,-45.7,96.1,-50.7,61.2,-20.9,57.3,-17,61.2,-20.9
Base-1856,1083,No,Base,1856,No,305.2083,210.1667,0,0,45.4,-9.3,49.9,-4.8,49.9,-9.3,33.9,2.2,32.4,3.7,33.9,2.2
Base-1857,1084,No,Base,1857,No,312.3542,210.1667,0,0,23.9,8.7,27.9,12.8,27.9,8.7,20.7,11.9,20.3,12.4,20.7,11.9
Base-1863,1085,No,Base,1863,No,326.6667,210.1667,0,0,46.4,-20,49.6,-16.8,49.6,-20,32.4,-6,30.6,-4.2,32.4,-6
Base-1864,1086,No,Base,1864,No,333.8333,210.1667,0,0,63.9,-44.9,66.2,-42.6,66.2,-44.9,41.1,-22.1,38,-19,41.1,-22.1
Base-1869,1087,No,Base,1869,No,207.5,210.1667,0,0,103.6,-89.3,105.4,-87.6,105.4,-89.3,63.1,-48.8,57.7,-43.3,63.1,-48.8
Base-1874,1088,No,Base,1874,No,207.5,214.6667,0,0,67.8,-28.6,73.1,-23.3,73.1,-28.6,47.5,-8.4,44.8,-5.6,47.5,-8.4
Base-1875,1089,No,Base,1875,No,207.5,217.6667,0,0,29.8,-33.7,29.1,-34.4,29.8,-34.4,16.5,-20.4,14.7,-18.6,16.5,-20.4
Base-1877,1234,No,Base,1877,No,190.5,219.1667,0,0,60.7,-54.5,61.3,-53.9,61.3,-54.5,36.5,-30.3,33.3,-27.1,36.5,-30.3
Base-1882,1090,No,Base,1882,No,197.5,219.1667,0,0,23.1,-8.7,24.8,-7,24.8,-8.7,16.4,-2,15.5,-1.1,16.4,-2
Base-1883,1091,No,Base,1883,No,193.5,219.1667,0,0,35.4,-26.9,36.4,-25.9,36.4,-26.9,22.3,-13.9,20.5,-12.1,22.3,-13.9
Base-1884,1092,No,Base,1884,No,203.5,219.1667,0,0,23.3,-18,24,-17.4,24,-18,14.7,-9.3,13.5,-8.2,14.7,-9.3
Base-1893,2971,No,Base,1893,No,22.4167,195.0833,0,0,75.8,-61.9,77.3,-60.3,77.3,-61.9,46.9,-32.9,43.2,-29.2,46.9,-32.9
Base-1894,1094,No,Base,1894,No,0,195.0833,0,0,152.7,-110.1,158.5,-104.3,158.5,-110.1,97.5,-54.9,90.4,-47.8,97.5,-54.9
Base-1899,1095,No,Base,1899,No,46.9167,195.0833,0,0,140.4,-111.6,143.8,-108.1,143.8,-111.6,87.5,-58.6,80.5,-51.7,87.5,-58.6
Base-1900,1096,No,Base,1900,No,27.6667,195.0833,0,0,105.2,-75.2,109.3,-71.1,109.3,-75.2,67.3,-37.3,62.4,-32.4,67.3,-37.3
Base-1908,1097,No,Base,1908,No,5.6042,195.0833,0,0,108.4,-63.3,114.3,-57.4,114.3,-63.3,72.3,-27.2,67.7,-22.6,72.3,-27.2
Base-1909,1098,No,Base,1909,No,11.2083,195.0833,0,0,62.5,-19.9,68,-14.4,68,-19.9,45.2,-2.6,43,-0.3,45.2,-2.6
Base-1910,1099,No,Base,1910,No,16.8125,195.0833,0,0,32.5,7.4,37.4,12.4,37.4,7.4,27.2,12.7,26.5,13.4,27.2,12.7
Base-1915,1100,No,Base,1915,No,34.0833,195.0833,0,0,57.4,-9.9,63.5,-3.8,63.5,-9.9,43.3,4.2,41.4,6.1,43.3,4.2
Base-1916,1101,No,Base,1916,No,40.5,195.0833,0,0,78.7,-39.7,83.6,-34.9,83.6,-39.7,53.9,-14.8,50.6,-11.5,53.9,-14.8
Base-1919,1102,No,Base,1919,No,50.9167,210.1667,0,0,102.4,-59.7,108.1,-54,108.1,-59.7,68.3,-25.6,63.8,-21.1,68.3,-25.6
Base-1920,1103,No,Base,1920,No,50.9167,188.3333,0,0,135,-53.9,146.6,-42.3,146.6,-53.9,95.3,-14.2,89.9,-8.9,95.3,-14.2
Base-1924,1104,No,Base,1924,No,50.9167,214.6667,0,0,128,-91.3,132.9,-86.4,132.9,-91.3,81.9,-45.2,75.8,-39.1,81.9,-45.2
Base-1930,1105,No,Base,1930,No,50.9167,195.6111,0,0,129.4,-51.8,140.2,-41,140.2,-51.8,91.3,-13.8,86.1,-8.6,91.3,-13.8
Base-1931,1106,No,Base,1931,No,50.9167,202.8889,0,0,109.1,-48.2,117.3,-39.9,117.3,-48.2,76,-15.2,71.6,-10.7,76,-15.2
Base-1940,1107,No,Base,1940,No,50.9167,180.3333,0,0,100.3,-32,110.2,-22,110.2,-32,72.5,-4.2,68.7,-0.4,72.5,-4.2
Base-1949,1108,No,Base,1949,No,50.9167,165,0,0,98.5,0.5,113.6,15.7,113.6,0.5,77.9,21.1,75.1,23.9,77.9,21.1
Base-1957,1109,No,Base,1957,No,143.8333,110.3333,0,0,121.5,-41.5,133.5,-29.5,133.5,-41.5,87.3,-7.2,83.2,-3.1,87.3,-7.2
Base-1962,1110,No,Base,1962,No,143.8333,114.1667,0,0,270.4,-164.5,286.2,-148.7,286.2,-164.5,179.1,-73.1,166.9,-60.9,179.1,-73.1
Base-1974,1111,No,Base,1974,No,50.9167,162,0,0,61.8,23,74.8,36.1,74.8,23,53.6,31.2,52.5,32.3,53.6,31.2
Base-1985,1112,No,Base,1985,No,50.9167,155.1667,0,0,55.9,37.2,70.4,51.8,70.4,37.2,52,41.2,51.5,41.7,52,41.2
Base-1995,1113,No,Base,1995,No,50.9167,158.8333,0,0,52.8,33.7,66.2,47.1,66.2,33.7,48.8,37.7,48.3,38.2,48.8,37.7
Base-2010,1114,No,Base,2010,No,50.9167,151.1667,0,0,61.1,34.4,76.2,49.5,76.2,34.4,55.5,40,54.8,40.8,55.5,40
Base-2021,1115,No,Base,2021,No,50.9167,146.9167,0,0,73.5,26,89.4,41.8,89.4,26,63.5,36,62.2,37.3,63.5,36
Base-2032,1116,No,Base,2032,No,50.9167,141.9167,0,0,86,18.6,102.8,35.4,102.8,18.6,71.9,32.8,69.9,34.7,71.9,32.8
Base-2043,1117,No,Base,2043,No,50.9167,133.6667,0,0,130.1,-28.6,146.4,-12.2,146.4,-28.6,96.7,4.8,92.2,9.3,96.7,4.8
Base-2054,1118,No,Base,2054,No,50.9167,128.9167,0,0,153.9,-49.7,170.5,-33,170.5,-49.7,111.1,-6.9,105.3,-1.1,111.1,-6.9
Base-2066,1119,No,Base,2066,No,50.9167,120.9167,0,0,172.1,-72.8,187.7,-57.2,187.7,-72.8,120.7,-21.4,113.7,-14.4,120.7,-21.4
Base-2077,1120,No,Base,2077,No,50.9167,118.9167,0,0,233.7,-128.4,250.3,-111.7,250.3,-128.4,157.6,-52.3,147.3,-42,157.6,-52.3
Base-2090,1121,No,Base,2090,No,50.9167,137.7917,0,0,104.9,-5.4,120.9,10.6,120.9,-5.4,81.7,17.8,78.6,20.9,81.7,17.8
Base-2103,1122,No,Base,2103,No,50.9167,124.9167,0,0,169.5,-67.8,185.7,-51.6,185.7,-67.8,119.7,-17.9,112.9,-11.2,119.7,-17.9
Base-2117,1123,No,Base,2117,No,50.9167,111.9167,0,0,296.9,-178,315.6,-159.3,315.6,-178,197.1,-78.3,183.6,-64.7,197.1,-78.3
Base-2118,1124,No,Base,2118,No,50.9167,109.8333,0,0,139.1,-96.6,146,-89.8,146,-96.6,89.6,-47.1,82.9,-40.4,89.6,-47.1
Base-2135,1125,No,Base,2135,No,50.9167,177.8333,0,0,123.6,-15.6,139.3,0.003759,139.3,-15.6,94.4,13.6,90.4,17.6,94.4,13.6
Base-2144,1126,No,Base,2144,No,50.9167,171.4167,0,0,123.5,-6,141.1,11.6,141.1,-6,96.3,21.2,92.6,24.9,96.3,21.2
Base-2168,1127,No,Base,2168,No,50.9167,87.5,0,0,108.1,-84.2,111.5,-80.8,111.5,-84.2,67.7,-43.8,62.5,-38.5,67.7,-43.8
Base-2173,1128,No,Base,2173,No,50.9167,81.5,0,0,77.4,-62.4,79.6,-60.2,79.6,-62.4,48,-33,44.1,-29.1,48,-33
Base-2178,1129,No,Base,2178,No,50.9167,84.5,0,0,104.5,-80.8,107.9,-77.4,107.9,-80.8,65.6,-41.9,60.4,-36.6,65.6,-41.9
Base-2188,1130,No,Base,2188,No,50.9167,78.5,0,0,18.3,-8.3,19.7,-6.9,19.7,-8.3,12.7,-2.7,12,-2,12.7,-2.7
Base-2189,1131,No,Base,2189,No,50.9167,69.5,0,0,45,-21.2,48.4,-17.8,48.4,-21.2,31.1,-7.3,29.2,-5.4,31.1,-7.3
Base-2195,2603,No,Base,2195,No,50.9167,63.5,0,0,0,0,0,0,0,0,0,0,0,0,0,0
Base-2199,2608,No,Base,2199,No,50.9167,60.5,0,0,0,0,0,0,0,0,0,0,0,0,0,0
Base-2203,2611,No,Base,2203,No,50.9167,56.5,0,0,0,0,0,0,0,0,0,0,0,0,0,0
Base-2207,1132,No,Base,2207,No,50.9167,53.5,0,0,43,-8.3,47.9,-3.3,47.9,-8.3,32.2,2.5,30.9,3.9,32.2,2.5
Base-2214,2617,No,Base,2214,No,50.9167,50,0,0,0,0,0,0,0,0,0,0,0,0,0,0
Base-2218,1133,No,Base,2218,No,50.9167,74,0,0,30.8,-11.8,33.5,-9.1,33.5,-11.8,21.8,-2.8,20.7,-1.7,21.8,-2.8
Base-2227,1134,No,Base,2227,No,46.9167,177.8333,0,0,63.7,-15,71,-7.6,71,-15,47.2,1.6,44.9,3.8,47.2,1.6
Base-2232,1135,No,Base,2232,No,46.9167,183.5833,0,0,42.3,-4.2,47.7,1.2,47.7,-4.2,32.5,5.6,31.3,6.9,32.5,5.6
Base-2233,1136,No,Base,2233,No,46.9167,189.3333,0,0,68.4,-38.2,72.4,-34.2,72.4,-38.2,46,-15.8,43.1,-12.9,46,-15.8
Base-2234,1137,No,Base,2234,No,143.8333,119.1667,0,0,280.6,-220.6,289.4,-211.7,289.4,-220.6,175.3,-115.3,161,-101,175.3,-115.3
Base-2239,2984,No,Base,2239,No,0,192.0833,0,0,40.2,-26.5,42,-24.7,42,-26.5,26.2,-12.5,24.3,-10.7,26.2,-12.5
Base-2246,1139,No,Base,2246,No,0,186.0833,0,0,48.6,-26.4,52.1,-22.9,52.1,-26.4,32.9,-10.6,30.8,-8.6,32.9,-10.6
Base-2247,1140,No,Base,2247,No,0,180.3333,0,0,43.5,-11.4,48.6,-6.3,48.6,-11.4,32,0.2,30.5,1.6,32,0.2
Base-2251,1141,No,Base,2251,No,0,177.8333,0,0,23.3,6.6,28.1,11.4,28.1,6.6,19.8,10.1,19.4,10.6,19.8,10.1
Base-2255,1142,No,Base,2255,No,0,166.0833,0,0,30.4,-9.9,33.9,-6.4,33.9,-9.9,21.9,-1.5,20.8,-0.4,21.9,-1.5
Base-2259,1143,No,Base,2259,No,0,171.9583,0,0,22.7,7.3,27.8,12.3,27.8,7.3,19.5,10.5,19.1,10.9,19.5,10.5
Base-2263,1144,No,Base,2263,No,0,159.3333,0,0,17.1,10.5,22,15.4,22,10.5,15.7,11.9,15.5,12,15.7,11.9
Base-2267,1145,No,Base,2267,No,0,155.1667,0,0,18.7,10.4,24,15.8,24,10.4,16.9,12.2,16.7,12.4,16.9,12.2
Base-2271,1146,No,Base,2271,No,0,151.1667,0,0,22.9,3.7,27.8,8.6,27.8,3.7,18.9,7.7,18.4,8.2,18.9,7.7
Base-2275,1147,No,Base,2275,No,0,148.0833,0,0,26.8,-0.7,31.6,4,31.6,-0.7,21,5,20.3,5.8,21,5
Base-2279,1148,No,Base,2279,No,0,141.3333,0,0,26.1,10.3,32.7,17,32.7,10.3,22.8,13.6,22.3,14.1,22.8,13.6
Base-2283,1149,No,Base,2283,No,0,133.6667,0,0,26.4,11.8,33.4,18.8,33.4,11.8,23.3,14.8,22.9,15.2,23.3,14.8
Base-2287,6916,No,Base,2287,No,0,120.9167,0,0,17.8,5.9,22,10.1,22,5.9,15.3,8.4,15,8.7,15.3,8.4
Base-2291,6903,No,Base,2291,No,0,107.4167,0,0,15.5,6.7,19,10.2,19,6.7,13.6,8.5,13.4,8.8,13.6,8.5
Base-2295,1152,No,Base,2295,No,0,100.3333,0,0,16.5,7,20.1,10.6,20.1,7,14.5,9,14.3,9.3,14.5,9
Base-2299,1153,No,Base,2299,No,0,87.5,0,0,20.8,10.9,25.5,15.5,25.5,10.9,18.8,13,18.5,13.3,18.8,13
Base-2303,1154,No,Base,2303,No,0,81.5,0,0,22,12.7,27,17.7,27,12.7,20,14.7,19.8,14.9,20,14.7
Base-2311,1156,No,Base,2311,No,0,114.1667,0,0,15.9,5,19.4,8.5,19.4,5,13.6,7.3,13.3,7.6,13.6,7.3
Base-2319,1158,No,Base,2319,No,0,76.8333,0,0,25.5,13.2,31.1,18.9,31.1,13.2,22.9,15.8,22.6,16.2,22.9,15.8
Base-2323,1159,No,Base,2323,No,0,69.5,0,0,36,-5.2,40.5,-0.7,40.5,-5.2,27.3,3.5,26.2,4.6,27.3,3.5
Base-2337,1162,No,Base,2337,No,0,56.5,0,0,39.3,19.5,48,28.2,48,19.5,35.2,23.7,34.6,24.2,35.2,23.7
Base-2349,1164,No,Base,2349,No,0,23.0833,0,0,208.5,-100.6,223,-86.1,223,-100.6,143.6,-35.7,135,-27.1,143.6,-35.7
Base-2355,2695,No,Base,2355,No,0,40.75,0,0,44.4,5.4,51.4,12.4,51.4,5.4,36.2,13.6,35.1,14.7,36.2,13.6
Base-2380,1171,No,Base,2380,No,42.8333,23.0833,0,0,99.1,-66.8,103,-63,103,-66.8,64.3,-32,59.7,-27.4,64.3,-32
Base-2388,2728,No,Base,2388,No,30.9444,23.0833,0,0,74,-34.3,78.9,-29.4,78.9,-34.3,51.3,-11.5,48.2,-8.5,51.3,-11.5
Base-2389,2975,No,Base,2389,No,36.8889,23.0833,0,0,67,-28.5,71.6,-23.9,71.6,-28.5,47,-8.4,44.3,-5.8,47,-8.4
Base-2425,1180,No,Base,2425,No,42.8333,81.5,0,0,26.7,9.4,31.6,14.3,31.6,9.4,23.1,13.1,22.6,13.6,23.1,13.1
Base-2426,1181,No,Base,2426,No,42.8333,76.8333,0,0,31.2,1.9,35.7,6.3,35.7,1.9,25,8,24.2,8.9,25,8
Base-2439,1182,No,Base,2439,No,42.8333,28.8333,0,0,53.1,-22.3,56.9,-18.4,56.9,-22.3,37.2,-6.5,35.1,-4.4,37.2,-6.5
Base-2440,1183,No,Base,2440,No,42.8333,34.5833,0,0,33.7,4.9,38.7,9.9,38.7,4.9,27.6,10.9,26.8,11.7,27.6,10.9
Base-2446,1186,No,Base,2446,No,42.8333,87.5,0,0,24,13.9,29.1,19,29.1,13.9,21.8,16,21.6,16.3,21.8,16
Base-2450,1187,No,Base,2450,No,42.8333,91.5,0,0,34.4,1.3,39.2,6.1,39.2,1.3,27.4,8.2,26.5,9.1,27.4,8.2
Base-2454,1188,No,Base,2454,No,42.8333,100.3333,0,0,37.3,-19.6,39.7,-17.2,39.7,-19.6,25.3,-7.6,23.7,-6,25.3,-7.6
Base-2458,1189,No,Base,2458,No,42.8333,95.9167,0,0,51.5,-16.1,56.2,-11.4,56.2,-16.1,37.3,-1.9,35.3,-0.03735,37.3,-1.9
Base-2472,1190,No,Base,2472,No,143.8333,125.6667,0,0,113.9,-78.2,119.3,-72.9,119.3,-78.2,73.6,-37.9,68.2,-32.5,73.6,-37.9
Base-2473,1191,No,Base,2473,No,143.8333,123.6667,0,0,44.3,-11.7,49.3,-6.8,49.3,-11.7,32.6,0.03282,31.1,1.5,32.6,0.03282
Base-2496,1192,No,Base,2496,No,143.8333,133.6667,0,0,242,-163.5,253.9,-151.6,253.9,-163.5,156.8,-78.3,145.4,-66.9,156.8,-78.3
Base-2497,1193,No,Base,2497,No,143.8333,130.1667,0,0,124.9,-93,129.8,-88.1,129.8,-93,79.1,-47.2,73.2,-41.3,79.1,-47.2
Base-2506,1194,No,Base,2506,No,153.1667,89.1667,0,0,233.7,-179.7,241.8,-171.6,241.8,-179.7,146.8,-92.9,135.4,-81.4,146.8,-92.9
Base-2507,1195,No,Base,2507,No,143.8333,89.1667,0,0,195.8,-147.1,203.4,-139.5,203.4,-147.1,123.8,-75.1,114.7,-66,123.8,-75.1
Base-2509,1196,No,Base,2509,No,148.5,89.1667,0,0,253.6,-180.1,265,-168.7,265,-180.1,162.5,-89,150.3,-76.7,162.5,-89
Base-2513,1197,No,Base,2513,No,153.1667,91.5,0,0,182.6,-131.7,190.3,-123.9,190.3,-131.7,116.6,-65.7,107.9,-57,116.6,-65.7
Base-2515,1198,No,Base,2515,No,153.1667,95.5,0,0,109.1,-47.6,118.4,-38.2,118.4,-47.6,76.2,-14.7,72.3,-10.8,76.2,-14.7
Base-2529,1200,No,Base,2529,No,153.1667,100.3333,0,0,111,-35.3,122.4,-23.9,122.4,-35.3,80.3,-4.6,76.7,-1,80.3,-4.6
Base-2541,1202,No,Base,2541,No,153.1667,103.8333,0,0,106.2,-31.5,117.4,-20.3,117.4,-31.5,77.3,-2.6,73.8,0.9,77.3,-2.6
Base-2553,1204,No,Base,2553,No,153.1667,108,0,0,170.6,-74.9,184.9,-60.6,184.9,-74.9,119,-23.3,112.2,-16.4,119,-23.3
Base-2570,1205,No,Base,2570,No,156.25,108,0,0,121.9,-71.7,129.4,-64.3,129.4,-71.7,81.3,-31,76.2,-26,81.3,-31
Base-2581,1206,No,Base,2581,No,146.9444,108,0,0,72.2,0.5,83.1,11.4,83.1,0.5,57.2,15.6,55.4,17.3,57.2,15.6
Base-2583,1207,No,Base,2583,No,150.0556,108,0,0,85.3,-12.4,96.1,-1.6,96.1,-12.4,64.7,8.1,62,10.9,64.7,8.1
Base-2606,2714,No,Base,2606,No,156.25,110.8333,0,0,71.7,-64.5,72.7,-63.5,72.7,-64.5,43.1,-35.9,39.2,-32,43.1,-35.9
Base-2626,1209,No,Base,2626,No,156.25,119.3333,0,0,169.8,-119.4,177.3,-111.9,177.3,-119.4,109,-58.7,100.9,-50.5,109,-58.7
Base-2627,1210,No,Base,2627,No,156.25,115.3333,0,0,128,-79.3,135.4,-72,135.4,-79.3,84.4,-35.8,78.6,-30,84.4,-35.8
Base-2644,1211,No,Base,2644,No,156.25,133.6667,0,0,278.8,-224.1,287.1,-215.9,287.1,-224.1,173.2,-118.5,158.9,-104.2,173.2,-118.5
Base-2645,1212,No,Base,2645,No,156.25,123.6667,0,0,134.9,-93.5,141.2,-87.2,141.2,-93.5,86.9,-45.5,80.5,-39.1,86.9,-45.5
Base-2653,1213,No,Base,2653,No,156.25,128.6667,0,0,93.2,-31.5,102.5,-22.2,102.5,-31.5,67,-5.3,63.7,-2,67,-5.3
Base-2662,1214,No,Base,2662,No,147.9723,133.6667,0,0,192.7,-127.5,202.6,-117.6,202.6,-127.5,125.5,-60.2,116.4,-51.2,125.5,-60.2
Base-2664,1215,No,Base,2664,No,152.1111,133.6667,0,0,135.4,-94.6,141.6,-88.4,141.6,-94.6,87.1,-46.3,80.6,-39.7,87.1,-46.3
Base-2780,1223,No,Base,2780,No,42.0833,161.1667,0,0,109.6,-4.8,126.5,12.1,126.5,-4.8,85.6,19.3,82.5,22.3,85.6,19.3
Base-2781,1224,No,Base,2781,No,42.0833,177.8333,0,0,178.8,-58.3,197.3,-39.8,197.3,-58.3,129,-8.4,122.4,-1.8,129,-8.4
Base-2791,1226,No,Base,2791,No,271.4167,149.3333,0,0,28.4,21.8,35.4,28.8,35.4,21.8,27,23.2,26.8,23.3,27,23.2
Base-2903,508,No,Base,2903,No,196.75,82.5,0,0,323,-241.6,336.2,-228.5,336.2,-241.6,204.4,-123,188.6,-107.2,204.4,-123
Base-2927,965,No,Base,2927,No,196.75,62.5,0,0,133.9,-18.6,152.5,-0.01201,152.5,-18.6,101.9,13.4,97.7,17.6,101.9,13.4
Base-2929,91,No,Base,2929,No,196.75,75.5,0,0,109.6,-80.7,114.1,-76.2,114.1,-80.7,69.6,-40.7,64.3,-35.4,69.6,-40.7
Base-3163,663,No,Base,3163,No,168.1667,91.5,0,0,231.9,84.7,283.3,136.1,283.3,84.7,201,115.6,196.9,119.8,201,115.6
Base-1,1228,No,Base,1,No,168.1667,133.6667,0,0,310.2,-9.7,362,42.1,362,-9.7,243,57.5,234,66.5,243,57.5
Base-31,1236,No,Base,31,No,111.0833,36.125,0,0,63.9,18.2,73.7,27.9,73.7,18.2,54.3,27.8,53.2,28.9,54.3,27.8
Base-32,1237,No,Base,32,No,111.0833,50,0,0,63.6,-1.1,70.8,6.1,70.8,-1.1,50,12.5,48.2,14.4,50,12.5
Base-57,2877,No,Base,57,No,271.4167,188.3333,0,0,66.9,66,88.1,87.3,88.1,66,66.7,66.2,66.7,66.2,66.7,66.2
Base-58,2879,No,Base,58,No,291.75,188.3333,0,0,59.5,59,76.7,76.2,76.7,59,59.4,59.1,59.4,59.2,59.4,59.1
Base-59,2881,No,Base,59,No,319.5,188.3333,0,0,56.9,56.7,73,72.7,73,56.7,56.9,56.7,56.9,56.7,56.9,56.7
Base-62,2883,No,Base,62,No,271.4167,165,0,0,57.6,56,76.2,74.6,76.2,56,57.3,56.4,57.2,56.4,57.3,56.4
Base-64,2885,No,Base,64,No,291.75,165,0,0,47.7,47.4,61.7,61.3,61.7,47.4,47.7,47.5,47.7,47.5,47.7,47.5
Base-65,2887,No,Base,65,No,319.5,165,0,0,47.3,47.1,60.6,60.4,60.6,47.1,47.2,47.1,47.2,47.1,47.2,47.1
Base-73,2889,No,Base,73,No,291.75,149.3333,0,0,35.2,34,44.9,43.7,44.9,34,34.9,34.3,34.9,34.3,34.9,34.3
Base-74,2891,No,Base,74,No,319.5,149.3333,0,0,38.1,37.7,48.8,48.4,48.8,37.7,38,37.8,38,37.8,38,37.8
Base-75,2893,No,Base,75,No,79.5833,210.1667,0,0,36.1,35.8,46.1,45.9,46.1,35.8,36,35.9,36,35.9,36,35.9
Base-76,2895,No,Base,76,No,100.0833,210.1667,0,0,35.5,35,45.4,44.8,45.4,35,35.4,35.1,35.4,35.1,35.4,35.1
Base-77,2897,No,Base,77,No,128.75,210.1667,0,0,42.4,41.3,54.1,53,54.1,41.3,42.2,41.6,42.1,41.6,42.2,41.6
Base-78,2899,No,Base,78,No,156.25,210.1667,0,0,37.9,37,48.4,47.5,48.4,37,37.7,37.2,37.7,37.2,37.7,37.2
Base-79,2901,No,Base,79,No,180.3333,210.1667,0,0,39.7,37.6,50.5,48.4,50.5,37.6,39.2,38,39.2,38.1,39.2,38
Base-80,2903,No,Base,80,No,79.5833,165,0,0,163.9,161.9,225.2,223.2,225.2,161.9,163.5,162.3,163.4,162.3,163.5,162.3
Base-81,2905,No,Base,81,No,79.5833,149.3333,0,0,127,125.6,174.6,173.2,174.6,125.6,126.7,125.9,126.6,125.9,126.7,125.9
Base-82,2907,No,Base,82,No,79.5833,133.6667,0,0,158.3,154.6,217.2,213.5,217.2,154.6,157.6,155.4,157.5,155.5,157.6,155.4
Base-83,2909,No,Base,83,No,100.0833,133.6667,0,0,154.7,152.5,212.6,210.4,212.6,152.5,154.2,153,154.2,153,154.2,153
Base-84,2911,No,Base,84,No,100.0833,149.3333,0,0,117.1,115.5,161.1,159.5,161.1,115.5,116.8,115.8,116.7,115.9,116.8,115.8
Base-85,2913,No,Base,85,No,101.0833,165,0,0,153.3,151.5,210.8,208.9,210.8,151.5,152.9,151.9,152.9,151.9,152.9,151.9
Base-86,2915,No,Base,86,No,128.75,165,0,0,177,175.4,243.5,241.9,243.5,175.4,176.7,175.8,176.7,175.8,176.7,175.8
Base-87,2917,No,Base,87,No,128.75,149.3333,0,0,138.7,137.4,190.8,189.6,190.8,137.4,138.5,137.7,138.4,137.7,138.5,137.7
Base-88,2919,No,Base,88,No,128.75,133.6667,0,0,151.2,134.8,204.9,188.4,204.9,134.8,147.7,138.2,147.3,138.6,147.7,138.2
Base-89,2921,No,Base,89,No,156.25,165,0,0,162.7,161.3,223.8,222.4,223.8,161.3,162.4,161.6,162.3,161.6,162.4,161.6
Base-90,2923,No,Base,90,No,156.25,149.3333,0,0,127,120.7,173.6,167.3,173.6,120.7,125.6,122,125.5,122.2,125.6,122
Base-91,2925,No,Base,91,No,180.3333,165,0,0,166.6,161.9,228.5,223.8,228.5,161.9,165.6,162.9,165.5,163,165.6,162.9
Base-92,2927,No,Base,92,No,180.3333,149.3333,0,0,126.6,125.2,174.1,172.7,174.1,125.2,126.3,125.5,126.3,125.5,126.3,125.5
Base-93,2929,No,Base,93,No,207.5,165,0,0,164.1,160.9,225.3,222.1,225.3,160.9,163.4,161.6,163.3,161.6,163.4,161.6
Base-94,2931,No,Base,94,No,207.5,149.3333,0,0,113.1,109.2,155.1,151.2,155.1,109.2,112.3,110,112.2,110.1,112.3,110
Base-96,2937,No,Base,96,No,230.5833,165,0,0,120.1,115.4,164.4,159.8,164.4,115.4,119.1,116.4,118.9,116.5,119.1,116.4
Base-98,2938,No,Base,98,No,225.5833,149.3333,0,0,95.7,93.9,131.4,129.7,131.4,93.9,95.3,94.3,95.3,94.4,95.3,94.3
Base-97,2939,No,Base,97,No,220.75,133.6667,0,0,165.6,163.4,227.6,225.3,227.6,163.4,165.2,163.9,165.1,163.9,165.2,163.9
Base-99,2941,No,Base,99,No,194,133.6667,0,0,170.6,169,234.6,233,234.6,169,170.3,169.4,170.3,169.4,170.3,169.4
Base-100,878,No,Base,100,No,196.75,110.3333,0,0,211.3,110,263.3,161.9,263.3,110,190,131.3,187.3,134,190,131.3
Base-95,2933,No,Base,95,No,143.8333,31.5,0,0,198.7,194.7,274.1,270.2,274.1,194.7,197.8,195.5,197.7,195.6,197.8,195.5
Base-103,2943,No,Base,103,No,143.8333,50,0,0,217.9,216.4,301.4,299.9,301.4,216.4,217.6,216.7,217.6,216.7,217.6,216.7
Base-104,2945,No,Base,104,No,143.8333,70,0,0,241.7,238.4,334.8,331.5,334.8,238.4,241,239.1,240.9,239.2,241,239.1
Base-105,2947,No,Base,105,No,168.1667,31.5,0,0,222.2,221.8,307.2,306.8,307.2,221.8,222.1,221.9,222.1,221.9,222.1,221.9
Base-106,2949,No,Base,106,No,168.1667,50,0,0,249.1,246,344.1,340.9,344.1,246,248.5,246.6,248.4,246.7,248.5,246.6
Base-107,2951,No,Base,107,No,168.1667,70,0,0,268.1,265.8,371.3,369.1,371.3,265.8,267.6,266.3,267.6,266.4,267.6,266.3
Base-108,8210,No,Base,108,No,143.8333,14,0,0,113,26.1,137.9,51,137.9,26.1,94.7,44.4,92.7,46.4,94.7,44.4
Base-110,1179,No,Base,110,No,42.8333,69.0033,0,0,30,-14.8,32.1,-12.7,32.1,-14.8,20.6,-5.4,19.4,-4.1,20.6,-5.4
Base-123,2973,No,Base,123,No,42.8333,72.9183,0,0,39.1,-7.6,43.4,-3.4,43.4,-7.6,29.3,2.2,28,3.5,29.3,2.2
Base-126,1177,No,Base,126,No,42.8333,62,0,0,24.8,-2.3,27.9,0.8,27.9,-2.3,19.1,3.4,18.4,4.1,19.1,3.4
Base-143,1184,No,Base,143,No,42.8333,42,0,0,20.6,15.1,25.3,19.8,25.3,15.1,19.4,16.2,19.3,16.4,19.4,16.2
Base-161,1175,No,Base,161,No,42.8333,52,0,0,24.5,8.7,28.9,13.2,28.9,8.7,21.2,12,20.7,12.5,21.2,12
Base-162,1176,No,Base,162,No,42.8333,57,0,0,28.3,8.1,33.3,13,33.3,8.1,24.1,12.3,23.5,12.9,24.1,12.3
Base-182,1185,No,Base,182,No,42.8333,47,0,0,21.1,11.4,25.5,15.8,25.5,11.4,19.1,13.5,18.8,13.7,19.1,13.5
Base-230,967,No,Base,230,No,13.3333,40.0833,0,0,-0.5,-0.6,-0.6,-0.8,-0.5,-0.8,-0.5,-0.6,-0.5,-0.6,-0.5,-0.6
Base-240,1155,No,Base,240,No,0,129.2917,0,0,22.1,9,27.8,14.7,27.8,9,19.4,11.8,19,12.1,19.4,11.8
Base-243,1150,No,Base,243,No,0,119.25,0,0,15.7,6.5,19.6,10.4,19.6,6.5,13.8,8.4,13.5,8.7,13.8,8.4
Base-245,1151,No,Base,245,No,0,110.3333,0,0,12,5.7,14.9,8.6,14.9,5.7,10.7,7,10.5,7.2,10.7,7
Base-246,1157,No,Base,246,No,0,91.5,0,0,19.9,7.8,23.9,11.9,23.9,7.8,17.4,10.4,17,10.7,17.4,10.4
Base-275,2712,No,Base,275,No,156.25,110.3333,0,0,136.7,-116.4,139.7,-113.5,139.7,-116.4,83.5,-63.3,76.4,-56.1,83.5,-63.3
Base-279,3162,No,Base,279,No,120.75,31.5,0,0,234.9,-176.7,244.1,-167.4,244.1,-176.7,148.4,-90.2,136.7,-78.5,148.4,-90.2
Base-280,3134,No,Base,280,No,196.75,31.5,0,0,99,-45.7,107.5,-37.2,107.5,-45.7,68.6,-15.3,64.7,-11.3,68.6,-15.3
Base-290,3125,No,Base,290,No,246.4167,91.5,0,0,35.8,-22.3,37.4,-20.7,37.4,-22.3,23.6,-10.1,21.9,-8.5,23.6,-10.1
Base-557,6909,No,Base,557,No,0,111.9167,0,0,12.6,3.8,15.3,6.5,15.3,3.8,10.8,5.7,10.5,5.9,10.8,5.7
Base-558,6901,No,Base,558,No,0,103.4167,0,0,17.6,6,21.3,9.6,21.3,6,15.2,8.4,14.9,8.7,15.2,8.4
Base-562,6917,No,Base,562,No,0,124.9167,0,0,21,8.1,26.3,13.4,26.3,8.1,18.3,10.8,18,11.2,18.3,10.8
Base-652,6741,No,Base,652,No,50.9167,28.8333,0,0,10,-0.1,11.3,1.2,11.3,-0.1,7.9,2,7.6,2.3,7.9,2
Base-683,6894,No,Base,683,No,0,95.9167,0,0,18.6,6.9,22.4,10.7,22.4,6.9,16.1,9.3,15.8,9.7,16.1,9.3
Base-1604,6830,No,Base,1604,No,122.75,91.5,0,0,120.8,-62.6,129.5,-53.9,129.5,-62.6,82.3,-24.1,78.3,-20.1,82.3,-24.1
Base-2075,5948,No,Base,2075,No,196.75,15.5,0,0,136,-83.7,144.4,-75.3,144.4,-83.7,89.8,-37.6,84.4,-32.2,89.8,-37.6
Base-2081,3211,No,Base,2081,Yes,196.75,80.5,0,0,328.3,-196,349.5,-174.8,349.5,-196,218.1,-85.9,203.6,-71.4,218.1,-85.9
Base-2316,5749,No,Base,2316,No,246.4167,123.6667,0,0,62.2,-9.4,69.9,-1.7,69.9,-9.4,47.1,5.6,45.2,7.5,47.1,5.6
Base-2635,3694,No,Base,2635,No,341,162,0,0,51.3,-31,53.8,-28.5,53.8,-31,34,-13.7,31.7,-11.4,34,-13.7
Base-2636,4914,No,Base,2636,No,341,177.8333,0,0,48.8,-24.6,51.8,-21.5,51.8,-24.6,33.4,-9.2,31.3,-7.1,33.4,-9.2
Base-2637,6885,No,Base,2637,No,341,192.8333,0,0,29.1,-11.3,31.3,-9.1,31.3,-11.3,20.6,-2.8,19.5,-1.7,20.6,-2.8
Base-2638,6886,No,Base,2638,No,341,195.0833,0,0,18.6,-2.8,20.6,-0.8,20.6,-2.8,14.1,1.7,13.5,2.3,14.1,1.7
Base-61,1273,No,Base,61,No,13.3333,27.5833,0,0,6,5.5,7.3,6.8,7.3,5.5,5.9,5.6,5.9,5.6,5.9,5.6
Base-4140,6921,No,Base,4140,No,0,167.6856,0,0,20.6,-0.1,24.1,3.4,24.1,-0.1,16.2,4.2,15.6,4.8,16.2,4.2
Base-4185,6995,No,Base,4185,No,337.4167,210.1667,0,0,53.7,-46.5,54.6,-45.6,54.6,-46.5,32.6,-25.4,29.8,-22.6,32.6,-25.4
Base-4201,6993,No,Base,4201,No,337.4167,133.6667,0,0,69.9,-55.6,71.5,-53.9,71.5,-55.6,43.5,-29.2,39.9,-25.6,43.5,-29.2
Base-4214,7014,No,Base,4214,No,50.9167,184.3333,0,0,112.4,-36.8,123.3,-25.9,123.3,-36.8,81,-5.5,76.8,-1.2,81,-5.5
Base-4207,6446,No,Base,4207,No,205.5,219.1667,0,0,64.6,-57.2,65.5,-56.3,65.5,-57.2,39,-31.6,35.7,-28.2,39,-31.6
Base-3948,7036,No,Base,3948,No,30.9167,27.5833,0,0,5.8,5.3,7,6.5,7,5.3,5.7,5.4,5.6,5.4,5.7,5.4
Base-4225,2401,No,Base,4225,No,196.75,66.6458,0,0,212.3,-137.4,224.4,-125.3,224.4,-137.4,138.8,-63.9,129,-54.1,138.8,-63.9
Base-2874,3084,No,Base,2874,Yes,196.75,78.5,0,0,115.6,-0.9,133.8,17.3,133.8,-0.9,91.1,23.6,89,25.7,91.1,23.6
Base-4244,1163,No,Base,4244,No,0,47.75,0,0,54.6,-17.2,60.1,-11.7,60.1,-17.2,39.5,-2.1,37.5,-0.1,39.5,-2.1
Base-4084,1160,No,Base,4084,No,0,68.0833,0,0,25.4,-12.6,27.2,-10.8,27.2,-12.6,17.4,-4.6,16.3,-3.6,17.4,-4.6
Base-4256,1161,No,Base,4256,No,0,61.0833,0,0,43.6,-18.7,47.3,-15.1,47.3,-18.7,30.5,-5.6,28.8,-3.9,30.5,-5.6
Base-3740,7045,No,Base,3740,No,246.4167,130.6111,0,0,181.6,-126.9,189.6,-118.9,189.6,-126.9,116.8,-62,108,-53.3,116.8,-62
Base-4268,7052,No,Base,4268,No,250.75,115.3333,0,0,97.3,-64.3,101.9,-59.6,101.9,-64.3,63.3,-30.3,58.8,-25.8,63.3,-30.3
Base-4271,7057,No,Base,4271,No,250.75,133.6667,0,0,175.1,-130.1,181.6,-123.6,181.6,-130.1,111,-66,102.4,-57.4,111,-66
Base-4274,7062,No,Base,4274,No,246.4167,118.3889,0,0,197.1,-143,204.9,-135.1,204.9,-143,125.6,-71.6,116.1,-62.1,125.6,-71.6
Base-4278,7068,No,Base,4278,No,252.9167,115.3333,0,0,48.1,-20.2,52.1,-16.3,52.1,-20.2,33.8,-5.9,31.8,-4,33.8,-5.9
Base-4282,7074,No,Base,4282,No,251.2917,91.5,0,0,124.3,-104.4,126.9,-101.9,126.9,-104.4,76.3,-56.4,69.8,-49.9,76.3,-56.4
Base-4283,7075,No,Base,4283,No,153.1667,93.5,0,0,144.4,-89.8,152.7,-81.4,152.7,-89.8,95.2,-40.6,88.7,-34.1,95.2,-40.6
Base-4285,7078,No,Base,4285,No,150.8333,89.1667,0,0,197.6,-140.6,206.4,-131.8,206.4,-140.6,126.6,-69.5,117.1,-60.1,126.6,-69.5
Base-4290,7120,No,Base,4290,No,154.7083,108,0,0,103.1,-51.9,110.7,-44.3,110.7,-51.9,70.5,-19.4,66.5,-15.3,70.5,-19.4
Base-4292,7196,No,Base,4292,No,156.25,109.1667,0,0,112.5,-80.9,117.2,-76.3,117.2,-80.9,71.9,-40.3,66.7,-35.1,71.9,-40.3
Base-4310,7168,No,Base,4310,No,157.25,2.25,0,0,239.6,-177.8,248.2,-169.2,248.2,-177.8,151.9,-90.1,141.8,-80,151.9,-90.1
Base-4331,7117,No,Base,4331,No,145.9028,133.6667,0,0,190.5,-128.7,199.8,-119.3,199.8,-128.7,123.4,-61.6,114.4,-52.6,123.4,-61.6
Base-4427,7358,No,Base,4427,No,154.1805,133.6667,0,0,190.9,-145.6,197.8,-138.8,197.8,-145.6,120.2,-74.9,110.7,-65.4,120.2,-74.9
Base-4452,7403,No,Base,4452,No,159.7083,8.6667,0,0,110.6,-62.6,117.4,-55.9,117.4,-62.6,74.2,-26.2,69.4,-21.4,74.2,-26.2
Base-4453,7404,No,Base,4453,No,156.25,130.3333,0,0,123.5,-73.5,131,-65.9,131,-73.5,82.1,-32.1,76.6,-26.6,82.1,-32.1
Base-4455,7406,No,Base,4455,No,156.25,132,0,0,199.5,-149.5,207.1,-141.9,207.1,-149.5,126.2,-76.2,116.3,-66.3,126.2,-76.2
Base-4149,7728,No,Base,4149,No,124.75,91.5,0,0,63.5,-3.2,72.4,5.8,72.4,-3.2,49.5,10.8,48.5,11.8,49.5,10.8
Base-4789,7849,No,Base,4789,No,203.75,219.1667,0,0,28.8,-24.1,29.3,-23.6,29.3,-24.1,17.7,-13,16.2,-11.5,17.7,-13
Base-4791,7851,No,Base,4791,No,337.25,210.1667,0,0,39,-29.9,40.1,-28.8,40.1,-29.9,24.5,-15.4,22.6,-13.5,24.5,-15.4
Base-4794,7855,No,Base,4794,No,152.75,133.6667,0,0,126.1,-90.6,131.4,-85.3,131.4,-90.6,80.5,-45.1,74.4,-39,80.5,-45.1
Base-4796,7867,No,Base,4796,No,0,44.25,0,0,0.1,0.1,0.2,0.2,0.2,0.1,0.1,0.1,0.1,0.1,0.1,0.1
Base-4798,7869,No,Base,4798,No,0,64.5833,0,0,0.1,0.1,0.2,0.2,0.2,0.1,0.1,0.1,0.1,0.1,0.1,0.1
Base-4804,7875,No,Base,4804,No,0,189.0833,0,0,0.1,0.1,0.1,0.1,0.1,0.1,0.1,0.1,0.1,0.1,0.1,0.1
Base-4820,7892,No,Base,4820,No,50.9167,80,0,0,0.1,0.002159,0.1,0.01216,0.1,0.002159,0.1,0.02127,0.1,0.02379,0.1,0.02127
Base-4781,7841,No,Base,4781,No,143.8333,120.6667,0,0,0.1,-0.03452,0.1,-0.02723,0.1,-0.03452,0.1,-0.00457,0.1,-0.0005561,0.1,-0.00457
Base-4783,7843,No,Base,4783,No,143.8333,122.1667,0,0,0.1,0.04736,0.1,0.1,0.1,0.04736,0.1,0.04847,0.1,0.0486,0.1,0.04847
Base-4785,7845,No,Base,4785,No,143.8333,127.1667,0,0,0.1,0.042,0.1,0.1,0.1,0.042,0.1,0.04538,0.1,0.04583,0.1,0.04538
Base-4787,7847,No,Base,4787,No,143.8333,128.6667,0,0,0.1,0.008195,0.1,0.01626,0.1,0.008195,0.1,0.02139,0.1,0.02305,0.1,0.02139
Base-4917,8067,No,Base,4917,No,156.25,113.0833,0,0,0.1,0.1,0.1,0.1,0.1,0.1,0.1,0.1,0.1,0.1,0.1,0.1
Base-4919,8069,No,Base,4919,No,156.25,121.5,0,0,0.1,0.04444,0.1,0.1,0.1,0.04444,0.1,0.1,0.1,0.1,0.1,0.1
Base-4986,8204,No,Base,4986,No,341,155.5,0,0,0.1,0.1,0.1,0.1,0.1,0.1,0.1,0.1,0.1,0.1,0.1,0.1
Base-4988,8206,No,Base,4988,No,341,185.25,0,0,0.1,0.1,0.1,0.1,0.1,0.1,0.1,0.1,0.1,0.1,0.1,0.1
Base-4990,8208,No,Base,4990,No,341,206.9167,0,0,0.1,0.1,0.1,0.1,0.1,0.1,0.1,0.1,0.1,0.1,0.1,0.1
Base-5007,8226,No,Base,5007,No,145.9167,14,0,0,0.3,0.1,0.4,0.1,0.4,0.1,0.3,0.1,0.2,0.1,0.3,0.1
Base-5009,8228,No,Base,5009,No,22.5,23.0833,0,0,20.1,17.4,24.7,22,24.7,17.4,19.6,18,19.5,18.1,19.6,18
Base-4912,8053,No,Base,4912,No,76.9167,91.5,0,0,0.1,0.04844,0.1,0.1,0.1,0.04844,0.1,0.1,0.1,0.1,0.1,0.1
Base-5014,8084,No,Base,5014,No,116.6667,91.5,0,0,0.1,0.01674,0.1,0.02758,0.1,0.01674,0.1,0.03102,0.1,0.03263,0.1,0.03102
Base-5120,8426,No,Base,5120,No,25.0417,195.0833,0,0,0.1,0.1,0.1,0.1,0.1,0.1,0.1,0.1,0.1,0.1,0.1,0.1
