ID,UniqueName,Is Auto Point,Story,PointBay,IsSpecial,X,Y,Z,Code,Envelope:QG2+(100/30-BSE-2E)/J-Max,Envelope:QG2+(100/30-BSE-2E)/J-Min,Envelope:QG1+(100/30-BSE-2E)/J-Max,Envelope:QG1+(100/30-BSE-2E)/J-Min,Max Compression,Max Tension
Base-6,940,No,Base,6,No,341,133.6667,0,c436ac73-bbb8-42bf-8521-795466350c93,81.328,-70.167,82.711,-68.784,82.711,-70.167
Base-11,905,No,Base,11,No,142.4167,0,0,2fc16750-a94f-4a6f-b178-726bfa08a9b0,235.718,-55.939,262.935,-28.722,262.935,-55.939
Base-13,630,No,Base,13,No,120.75,0,0,223a2cdb-a01d-459d-80db-d3577e99d52e,322.374,-133.262,350.611,-105.025,350.611,-133.262
Base-16,941,No,Base,16,No,341,165,0,deddb666-434a-45f7-917c-7c2ae2b90c22,16.568,4.352,19.287,7.071,19.287,4.352
Base-17,3684,No,Base,17,No,341,158.0833,0,81647b03-6489-42c3-8b28-e936c0816666,58.976,-51.606,59.933,-50.649,59.933,-51.606
Base-20,4915,No,Base,20,No,341,182.1667,0,46aeb532-fcbb-45cf-a6a4-7b5619125807,63.113,-56.306,64.012,-55.407,64.012,-56.306
Base-25,944,No,Base,25,No,341,204.8333,0,9d51abe4-5cf0-41b3-97c4-764ab7deb085,81.019,-67.613,82.734,-65.898,82.734,-67.613
Base-26,6884,No,Base,26,No,341,188.3333,0,e323b200-c097-47ff-a2a8-7f1c76e409c9,57.915,-49.967,58.931,-48.952,58.931,-49.967
Base-35,946,No,Base,35,No,341,210.1667,0,a290f52d-4072-41de-bb4f-270282396d9a,78.526,-68.272,79.834,-66.965,79.834,-68.272
Base-36,947,No,Base,36,No,341,209,0,f65e4a02-cef1-4f8f-a4d3-6c6f5e1c924c,17.073,-20.127,16.675,-20.524,17.073,-20.524
Base-39,948,No,Base,39,No,341,173.5833,0,e80d2b52-9e83-403f-8b6e-7722fb62841a,15.631,7.029,18.569,9.967,18.569,7.029
Base-42,949,No,Base,42,No,341,196.5833,0,2f0117f7-96dc-480d-ab34-449737f19f6d,45.244,-31.213,47.015,-29.442,47.015,-31.213
Base-56,950,No,Base,56,No,246.4167,133.6667,0,b32b180a-721d-4b37-a93f-e514253df566,241.533,-193.401,248.592,-186.342,248.592,-193.401
Base-63,877,No,Base,63,No,246.4167,110.3333,0,f5debee5-94bf-465b-b905-ae6e8ba0f4d6,421.911,-204.721,454.033,-172.6,454.033,-204.721
Base-66,951,No,Base,66,No,246.4167,115.3333,0,5297d0a8-11fa-4db0-b139-1c3599547d93,220.283,-167.626,228.161,-159.748,228.161,-167.626
Base-133,709,No,Base,133,No,246.4167,149.3333,0,3533ff0e-8c64-4e51-bd19-852fc458df5b,182.556,25.867,214.984,58.295,214.984,25.867
Base-134,710,No,Base,134,No,246.4167,165,0,a93547b7-5ee1-4fe8-9656-355666ddbbe1,213.265,35.97,251.682,74.387,251.682,35.97
Base-135,711,No,Base,135,No,246.4167,188.3333,0,aed25ad8-9043-4ff4-b6fb-adc558586a3e,329.921,-52.659,371.344,-11.236,371.344,-52.659
Base-137,954,No,Base,137,No,255.0833,133.6667,0,1c18a0f7-b5cf-4526-8543-743923975ab6,96.598,-60.065,102.086,-54.577,102.086,-60.065
Base-145,955,No,Base,145,No,255.0833,115.3333,0,61a0de64-7ca2-452e-8e39-6dd3847aa9f9,43.915,12.761,52.432,21.278,52.432,12.761
Base-151,956,No,Base,151,No,255.0833,91.5,0,51a9ef15-bb3c-411b-903a-13dac9b05f35,176.347,-153.989,179.491,-150.845,179.491,-153.989
Base-156,957,No,Base,156,No,207.5,91.5,0,2fb1cc0b-5ea9-4aa2-8090-1eed3f9fc816,127.694,-27.567,143.053,-12.208,143.053,-27.567
Base-159,958,No,Base,159,No,232.3333,91.5,0,24a5dff4-e2c5-421f-8de4-ef4eaebf0516,23.96,-9.436,25.737,-7.66,25.737,-9.436
Base-166,959,No,Base,166,No,196.75,29.7083,0,4ab35d3f-528a-4219-afd5-bac5f46d9ed4,109.532,-60.071,117.353,-52.25,117.353,-60.071
Base-167,960,No,Base,167,No,196.75,23.7083,0,b89c9a5e-9871-49c4-909c-8fc0b8c5df93,75.067,13.062,89.254,27.25,89.254,13.062
Base-173,961,No,Base,173,No,196.75,32.8333,0,bb90e14d-9828-4083-ba75-e54d3a67a4f9,68.273,43.249,86.47,61.446,86.47,43.249
Base-179,962,No,Base,179,No,196.75,44.9375,0,94124ad4-4f3e-4970-936b-1f96fa09e497,138.811,-27.594,156.892,-9.512,156.892,-27.594
Base-181,963,No,Base,181,No,196.75,47.6042,0,3d60c591-7b4e-4714-99af-8d53859215c5,152.854,-12.915,175.744,9.974,175.744,-12.915
Base-185,964,No,Base,185,No,196.75,59.9792,0,501d3fe1-5af9-47e2-b5e9-fe12e0e65a3d,137.026,52.252,167.893,83.119,167.893,52.252
Base-191,965,No,Base,191,No,196.75,62.6458,0,01d99bfe-4e72-4829-8407-56d7a083da7a,134.412,-70.053,144.915,-59.551,144.915,-70.053
Base-202,381,No,Base,202,Yes,196.75,76.8333,0,df9b1828-8562-48c0-ad9f-b7f3e1bd8152,80.849,-12.66,91.673,-1.836,91.673,-12.66
Base-387,968,No,Base,387,No,196.75,17.5,0,6b9252da-4bf6-4775-9265-692a9aa0dd17,71.175,-23.062,78.973,-15.264,78.973,-23.062
Base-388,969,No,Base,388,No,196.75,14,0,43cfd87c-5b85-491f-97cb-c7d9e251ae20,199.147,-145.211,208.304,-136.054,208.304,-145.211
Base-389,693,No,Base,389,No,196.75,0,0,bf128efc-74db-46f2-8fc8-a3ebc578fd9e,492.025,-264.738,526.502,-230.261,526.502,-264.738
Base-401,1283,No,Base,401,No,122.75,14,0,cb5ba201-c494-4e17-b0b6-e45b4b72f2a0,36.557,-12.542,39.95,-9.149,39.95,-12.542
Base-402,1275,No,Base,402,No,120.75,14,0,2521b965-c1f5-4c7e-bee7-11b9ffdcc471,198.655,-55.272,221.794,-32.133,221.794,-55.272
Base-407,1285,No,Base,407,No,131.9167,14,0,d673bc1b-fa3b-42f7-8d4e-bf0500f9c3ad,1.607,-20.206,-1.671,-23.483,1.607,-23.483
Base-412,970,No,Base,412,No,140.75,14,0,9356824f-77b0-4be0-a22c-51c9f05dd081,59.001,38.625,77.247,56.871,77.247,38.625
Base-417,971,No,Base,417,No,144,14,0,f1f81c24-6cf5-47f5-be3b-c6d44bde4be8,47.214,25.094,60.645,38.525,60.645,25.094
Base-426,972,No,Base,426,No,157,14,0,eba9f6ef-8c69-40df-905d-0163dbf0fb1c,19.685,12.173,25.663,18.15,25.663,12.173
Base-427,973,No,Base,427,No,148,14,0,a5007fdf-fdd3-4fab-b504-0fb52ef9349e,-2.653,-2.87,-3.705,-3.921,-2.653,-3.921
Base-452,671,No,Base,452,No,175.5833,0,0,8224f7c2-8153-4307-b423-e5d6c64851c0,304.685,-172.678,324.499,-152.864,324.499,-172.678
Base-457,974,No,Base,457,No,167.0833,8.6667,0,52d80713-0db2-4370-8d18-6427977d3ce9,112.091,-50.826,120.957,-41.96,120.957,-50.826
Base-459,975,No,Base,459,No,171.5833,8.6667,0,87ed9f45-5c1a-48a7-8096-80cdf4a74a29,114.683,-56.829,123.014,-48.498,123.014,-56.829
Base-464,976,No,Base,464,No,175.5833,8.6667,0,41f5c68d-654e-4d2d-b0b4-d481477b71a4,208.079,-108.852,222.249,-94.681,222.249,-108.852
Base-512,977,No,Base,512,No,157.25,8.6667,0,cbdd577b-3e5d-46d6-af71-98d8680deb5c,155.589,-58.926,169.553,-44.963,169.553,-58.926
Base-513,978,No,Base,513,No,162.1667,8.6667,0,5446c6d0-874a-4230-9ee7-b7a5b9b068f1,93.804,-43.178,101.129,-35.853,101.129,-43.178
Base-516,979,No,Base,516,No,157.25,4.5,0,af06b48f-cd9e-4679-ba92-171bf48d051a,49.324,26.77,60.306,37.753,60.306,26.77
Base-517,7167,No,Base,517,No,157.25,0,0,99dff577-59f3-42aa-bece-63bd9eb7fc61,118.484,-85.696,123.158,-81.021,123.158,-85.696
Base-530,981,No,Base,530,No,175.5833,4.5,0,9b5e62e4-ddc9-45ec-ac98-a9c68353eadf,122.17,-83.716,127.955,-77.931,127.955,-83.716
Base-552,1644,No,Base,552,No,120.75,25.5,0,eba36114-6ad5-4e37-8405-1a4b6a8cd8d7,19.393,17.897,25.279,23.784,25.279,17.897
Base-553,1643,No,Base,553,No,120.75,22,0,5d8ba4c0-1a22-4955-8945-8a4ad84a2972,231.376,-171.948,240.977,-162.346,240.977,-171.948
Base-559,1648,No,Base,559,No,120.75,32.8333,0,91d97aa9-e17c-41a3-99dd-3cd3ca456a0a,63.187,-8.793,71.881,-0.099,71.881,-8.793
Base-560,3167,No,Base,560,No,120.75,28.5,0,bd500e07-93d3-4618-90b9-d27ae39baaae,216.308,-185.125,221.416,-180.017,221.416,-185.125
Base-566,1653,No,Base,566,No,120.75,36.5,0,5365d8fb-ca75-4509-8c27-e8cbad774fdb,116.355,-45.398,128.008,-33.745,128.008,-45.398
Base-569,984,No,Base,569,No,159.4167,14,0,314e3750-4e97-48af-97ab-c005c31c6dae,38.145,24.535,49.93,36.32,49.93,24.535
Base-589,1670,No,Base,589,No,120.75,56.5,0,6c071ba9-1cd7-4685-89e5-17a27f082873,52.047,-14.395,58.035,-8.408,58.035,-14.395
Base-590,1669,No,Base,590,No,120.75,53,0,40718ba1-b572-42c9-bbfa-756be8b5a787,80.533,-40.865,86.863,-34.535,86.863,-40.865
Base-591,1671,No,Base,591,No,120.75,58.8333,0,b889c454-1e42-4baa-867e-d82670401f11,88.136,-5.995,101.146,7.015,101.146,-5.995
Base-593,1672,No,Base,593,No,120.75,64.8333,0,573bfb93-934c-4897-933d-7a2be4a19905,177.896,-109.936,188.622,-99.21,188.622,-109.936
Base-594,985,No,Base,594,No,167.0833,14,0,c1a966a9-a349-4572-8953-149af0d8617f,65.465,50.763,87.384,72.682,87.384,50.763
Base-601,1675,No,Base,601,No,120.75,67.8333,0,e8254e70-77f4-41c3-a95a-55eb159784c8,77.139,3.086,89.818,15.765,89.818,3.086
Base-609,986,No,Base,609,No,120.75,73.8333,0,65382707-0c88-4bbc-bc49-38e8e408e1fe,224.964,-140.505,238.317,-127.152,238.317,-140.505
Base-614,987,No,Base,614,No,120.75,76.8333,0,f80a2873-a0e3-43b7-9a2b-1d3c81837ca7,51.557,-13.402,57.597,-7.361,57.597,-13.402
Base-619,988,No,Base,619,No,120.75,82.8333,0,2a5e306f-7d39-4081-86d8-45435f29a597,115.326,-86.48,119.949,-81.857,119.949,-86.48
Base-624,989,No,Base,624,No,120.75,83.8333,0,ff29f184-6d0a-4c76-b39c-ace54dd68bcc,29.772,-15.231,31.874,-13.129,31.874,-15.231
Base-629,990,No,Base,629,No,120.75,89.8333,0,46dba5dc-c572-4fad-807f-67e47608dab5,29.606,10.183,35.607,16.184,35.607,10.183
Base-634,991,No,Base,634,No,120.75,91.5,0,e6bbb299-fe53-4255-9882-2f5633328f43,55.838,0.678,64.428,9.268,64.428,0.678
Base-641,992,No,Base,641,No,175.5833,14,0,f4756235-f92d-4f09-a611-b8e45840b1d1,64.288,30.163,81.774,47.649,81.774,30.163
Base-812,1827,No,Base,812,No,120.75,40.5,0,7d0db27d-ac27-4656-910f-58485c99c272,92.686,23.017,111.027,41.358,111.027,23.017
Base-813,1828,No,Base,813,No,120.75,47.5,0,9af1ec7b-86bf-4211-8a65-7ec74a078d91,95.878,9.405,112.513,26.041,112.513,9.405
Base-814,1288,No,Base,814,No,120.75,50,0,6f443de2-0bb3-4a25-b279-b88d7407532d,176.326,-171.844,177.331,-170.84,177.331,-171.844
Base-848,993,No,Base,848,No,183.5,14,0,b0609551-61f2-4b4d-bdfd-dd406b1f08b4,86.283,-18.89,98.206,-6.968,98.206,-18.89
Base-853,994,No,Base,853,No,192.75,14,0,33ea3009-07e5-44af-9978-79f6a6bc009e,181.045,-120.655,191.214,-110.486,191.214,-120.655
Base-858,995,No,Base,858,No,188.125,14,0,9db7e6cb-d868-4444-94f4-41dd1aaedc63,115.372,-60.237,124.791,-50.819,124.791,-60.237
Base-862,1284,No,Base,862,No,127.3333,14,0,b48ed659-5790-430f-a49d-3c12ae2db0a9,38.438,-17.461,41.132,-14.766,41.132,-17.461
Base-867,1286,No,Base,867,No,136.3333,14,0,af96137c-3fae-449a-8f2e-00a47acafd06,29.445,29.033,40.441,40.028,40.441,29.033
Base-872,996,No,Base,872,No,152.5,14,0,ea6a74f2-45f2-45af-a62a-468fe0a2038d,11.041,5.344,14.07,8.373,14.07,5.344
Base-881,1274,No,Base,881,No,115.25,14,0,a46fb345-773f-4c49-a5cc-dedd07677863,#N/A,#N/A,#N/A,#N/A,#N/A,#N/A
Base-883,998,No,Base,883,No,133.25,91.5,0,404a89f9-abcb-461a-98b8-1c88daff522e,89.752,-29.48,98.854,-20.378,98.854,-29.48
Base-984,999,No,Base,984,No,127,91.5,0,25cc50b2-2049-472d-a9d5-2a9a61cae03b,100.851,-4.485,115.444,10.107,115.444,-4.485
Base-1043,1000,No,Base,1043,No,143.8333,100.3333,0,2fb80ad7-502a-45e3-9b36-d33261d810bb,170.757,-29.465,192.237,-7.986,192.237,-29.465
Base-1046,1001,No,Base,1046,No,53.9167,91.5,0,edf35b8e-6af2-4d7c-a3e3-d0769384dc8d,33.632,-9.9,36.95,-6.581,36.95,-9.9
Base-1047,1002,No,Base,1047,No,50.9167,91.5,0,62bb4e06-5bea-4788-a606-5540f4872877,36.142,-13.378,39.439,-10.08,39.439,-13.378
Base-1051,1003,No,Base,1051,No,59.9167,91.5,0,7e93b483-dba4-45fc-9be4-ebeded601460,26.943,-2.68,30.184,0.561,30.184,-2.68
Base-1055,1004,No,Base,1055,No,64.4167,91.5,0,3fb11b1d-e5c9-4d68-aeb1-7d581f83c9b7,11.401,8.604,13.902,11.104,13.902,8.604
Base-1059,1005,No,Base,1059,No,70.4167,91.5,0,69987c66-c40e-4343-b830-73c02fe7287c,44.471,-33.187,45.545,-32.113,45.545,-33.187
Base-1063,1006,No,Base,1063,No,74.9167,91.5,0,696fcde0-909a-4eb7-bd00-45a9780849ad,46.593,-46.321,46.249,-46.664,46.593,-46.664
Base-1067,1007,No,Base,1067,No,78.9167,91.5,0,77fbf452-a970-4349-a570-4a391f47891a,40.274,-25.683,42.214,-23.743,42.214,-25.683
Base-1071,1008,No,Base,1071,No,85.4167,91.5,0,fb2293c7-a0b7-4b8e-9f0f-811b2a15b75c,15.297,2.024,17.374,4.101,17.374,2.024
Base-1075,1009,No,Base,1075,No,91.4167,91.5,0,d45e8605-765d-47cb-9615-c53a0f365e70,28.153,-19.473,29.029,-18.597,29.029,-19.473
Base-1079,1010,No,Base,1079,No,95.9167,91.5,0,abf2f3e3-2cd7-42dd-85ba-04e7b6a9322a,17.165,1.287,19.592,3.714,19.592,1.287
Base-1083,1011,No,Base,1083,No,101.9167,91.5,0,9202f983-4668-457c-b959-93b18d7c5bb3,28.05,-13.957,29.801,-12.206,29.801,-13.957
Base-1087,1012,No,Base,1087,No,106.4167,91.5,0,4bc39d79-95eb-4228-bafb-b889e615a3b2,18.828,17.296,24.027,22.495,24.027,17.296
Base-1091,1013,No,Base,1091,No,112.4167,91.5,0,f9dba0b6-ead0-4718-895a-b89331a14634,50.829,-26.267,54.23,-22.867,54.23,-26.267
Base-1102,1014,No,Base,1102,No,114.9167,91.5,0,ffb00d42-cea1-483a-ae50-6aa854eb29bf,7.435,1.105,8.683,2.353,8.683,1.105
Base-1107,1015,No,Base,1107,No,118.4167,91.5,0,c5593549-921b-43b5-b200-183fcbece32f,30.948,4.764,36.417,10.232,36.417,4.764
Base-1146,1016,No,Base,1146,No,143.8333,93.1667,0,55b836af-c9d5-49f8-841e-0016f35f8438,303.945,-200.216,319.239,-184.922,319.239,-200.216
Base-1182,860,No,Base,1182,No,128.75,110.3333,0,c90c339f-f8ab-4e5e-bddf-3b5816a5a7fe,259.874,82.763,312.231,135.12,312.231,82.763
Base-1183,861,No,Base,1183,No,79.5833,110.3333,0,1ba35a52-2595-4334-b163-9e0213ce72ab,258.413,200.84,329.424,271.851,329.424,200.84
Base-1297,662,No,Base,1297,No,168.1667,110.3333,0,457cfe83-e947-4d05-af5c-494607ded432,245.802,124.834,304.582,183.613,304.582,124.834
Base-1299,879,No,Base,1299,No,220.75,110.3333,0,4eee4e3d-35e2-4a48-bcfb-4fda64f806f7,133.391,130.978,175.1,172.688,175.1,130.978
Base-1330,1017,No,Base,1330,No,246.4167,121.4444,0,5d7d1c61-e15c-482d-b370-76be012bbd9b,67.293,-26.4,73.539,-20.155,73.539,-26.4
Base-1331,1018,No,Base,1331,No,246.4167,127.5556,0,780845ca-3451-4b0e-96ba-a5540420d392,82.063,-32.012,89.63,-24.446,89.63,-32.012
Base-1391,1019,No,Base,1391,No,271.4167,133.6667,0,7be44eb4-b1d9-4899-acbd-3bf321d76e05,12.078,6.926,14.549,9.397,14.549,6.926
Base-1401,1020,No,Base,1401,No,259.1667,133.6667,0,d0307168-eaee-42fa-9f43-c3412240aec6,66.662,-35.625,71.277,-31.009,71.277,-35.625
Base-1402,1021,No,Base,1402,No,263.25,133.6667,0,4cb50c8c-bd9a-4e6d-948c-6389f6cc39de,44.289,-21.64,47.455,-18.474,47.455,-21.64
Base-1403,1022,No,Base,1403,No,267.3333,133.6667,0,708ec904-7911-417c-996b-44e732662356,32.951,-14.22,35.444,-11.727,35.444,-14.22
Base-1405,1023,No,Base,1405,No,277.75,133.6667,0,07cd8a33-5571-4372-bb85-5f70e4a482ad,24.234,-14.454,25.473,-13.214,25.473,-14.454
Base-1407,1024,No,Base,1407,No,255.0833,110.3333,0,15749d3f-3e8e-4e0f-b6ce-26a57a0b7ffa,28.253,1.628,32.397,5.771,32.397,1.628
Base-1411,1025,No,Base,1411,No,255.0833,119,0,66b0e0ca-34b6-45fc-86ca-5ec4280f3502,50.706,-36.152,52.818,-34.04,52.818,-36.152
Base-1414,1026,No,Base,1414,No,291.75,133.6667,0,3fbcd89e-d495-4d16-849a-f7ae50286491,22.682,-2.048,25.314,0.584,25.314,-2.048
Base-1415,1027,No,Base,1415,No,285.75,133.6667,0,d5743fbb-92bf-4016-94c1-1ffdd9d3d9e5,46.658,-35.521,48.122,-34.058,48.122,-35.521
Base-1418,1028,No,Base,1418,No,319.5,133.6667,0,30d888f1-a005-4557-a14a-fa151c1d188a,10.939,5.455,13.017,7.533,13.017,5.455
Base-1426,1029,No,Base,1426,No,298.6875,133.6667,0,323e81df-f332-48aa-8885-4eb288d3a42f,19.636,-0.791,22.037,1.61,22.037,-0.791
Base-1427,1030,No,Base,1427,No,305.625,133.6667,0,62acf1f2-db8d-4be1-bf41-ce5c77d9f66b,15.828,1.492,18.036,3.7,18.036,1.492
Base-1428,1031,No,Base,1428,No,312.5625,133.6667,0,6662605c-09cf-42b5-a1ad-aaf752de65bc,14.26,2.856,16.44,5.036,16.44,2.856
Base-1433,1032,No,Base,1433,No,326.6667,133.6667,0,ba8ce5ea-45d7-4d3c-98c1-62550bb0cd5f,28.173,-12.995,30.071,-11.097,30.071,-12.995
Base-1434,1033,No,Base,1434,No,333.8333,133.6667,0,a46fb251-5050-4d11-a12e-c3c8fa3a1788,42.565,-32.485,43.798,-31.251,43.798,-32.485
Base-1439,1034,No,Base,1439,No,341,137.1667,0,e1e82d6c-dc07-4120-ad89-e2f65f7ddf7c,53.771,-45.101,54.839,-44.032,54.839,-45.101
Base-1440,1035,No,Base,1440,No,341,141.1667,0,f829da14-90d0-4373-a9b6-c4d7d4b900b1,36.641,-27.824,37.729,-26.736,37.729,-27.824
Base-1443,1036,No,Base,1443,No,341,149.3333,0,3cddd0f6-4f2c-4636-98f8-730282d2dc76,8.524,4.425,10.177,6.078,10.177,4.425
Base-1444,1037,No,Base,1444,No,341,152.9167,0,53faa184-208b-47e3-947e-525b42c8659d,50.705,-46.778,51.223,-46.26,51.223,-46.778
Base-1448,1038,No,Base,1448,No,341,145.25,0,c7effdce-13f5-4910-824e-60ca80785b3e,20.666,-10.619,21.925,-9.36,21.925,-10.619
Base-1456,1039,No,Base,1456,No,255.0833,97.7778,0,d169d875-bb61-4b4e-95a1-0f7160d3e1b1,123.144,-102.3,126.042,-99.402,126.042,-102.3
Base-1457,1040,No,Base,1457,No,255.0833,104.0556,0,d7284d3f-4cbc-4429-b3d6-74573d587990,68.522,-42.473,72.127,-38.868,72.127,-42.473
Base-1460,1041,No,Base,1460,No,196.75,91.5,0,18f1b3f4-ab7d-4976-b542-43eee8f8da4f,44.218,-19.839,47.726,-16.331,47.726,-19.839
Base-1468,1042,No,Base,1468,No,213.7083,91.5,0,34d214a2-68c3-4997-8cde-5823201b6cd8,71.665,-19.149,79.335,-11.479,79.335,-19.149
Base-1469,1043,No,Base,1469,No,219.9167,91.5,0,f0de1ac7-3c51-46bd-8ef2-b7653efe1857,39.235,-12.96,42.885,-9.309,42.885,-12.96
Base-1470,1044,No,Base,1470,No,226.125,91.5,0,feb3fcb5-c948-46d8-832b-9378b1989543,30.011,-13.907,32.035,-11.883,32.035,-13.907
Base-1475,1045,No,Base,1475,No,239.9167,91.5,0,c5684957-a997-4434-a5fd-6295e8b7f4a3,16.718,-2.111,18.532,-0.297,18.532,-2.111
Base-1476,1046,No,Base,1476,No,247.5,91.5,0,1927a7c1-68ef-4d34-ba08-7cdb9ad7d7e6,33.331,-28.726,33.947,-28.11,33.947,-28.726
Base-1479,1047,No,Base,1479,No,202.125,91.5,0,b5162e0a-5bf3-42b4-8246-ac03b2b1b4f2,147.702,-53.5,162.007,-39.194,162.007,-53.5
Base-1571,1048,No,Base,1571,No,143.8333,103.8333,0,7f853e1f-a2d4-48d9-afc9-76aa9bec1893,157.049,-121.396,162.54,-115.905,162.54,-121.396
Base-1726,822,No,Base,1726,No,79.5833,188.3333,0,31cbc072-e1fb-454a-9778-19335223e85a,122.555,94.003,156.555,128.003,156.555,94.003
Base-1728,823,No,Base,1728,No,100.0833,188.3333,0,b046eb3b-b8ad-409b-ba85-f4e1faad9112,206.764,162.071,264.861,220.168,264.861,162.071
Base-1729,824,No,Base,1729,No,128.75,188.3333,0,c7e31d71-26ec-4f6f-9119-bf7fe7e75a25,235.103,138.07,294.118,197.085,294.118,138.07
Base-1730,825,No,Base,1730,No,156.25,188.3333,0,14e69d4f-f905-4b65-996c-3d90b310f517,235.367,131.718,293.537,189.887,293.537,131.718
Base-1731,826,No,Base,1731,No,180.3333,188.3333,0,ad91c155-beb5-4ebf-9cf4-56e008c63be3,219.582,132.915,275.42,188.753,275.42,132.915
Base-1732,827,No,Base,1732,No,207.5,188.3333,0,3cc7fb00-a26f-4f2e-9377-50f1d3e1b6fa,167.285,158.874,218.653,210.243,218.653,158.874
Base-1733,828,No,Base,1733,No,232.3333,188.3333,0,69769cec-8e7f-4f26-906c-ef576c74e2fe,219.125,49.975,260.866,91.715,260.866,49.975
Base-1736,1049,No,Base,1736,No,60.4167,219.1667,0,4f9eff5c-c49d-420b-b57d-c746b8706b97,64.83,-43.487,67.733,-40.584,67.733,-43.487
Base-1737,1050,No,Base,1737,No,50.9167,219.1667,0,39eaa68f-1889-44b2-b5b9-4633d1e02a8a,154.155,-119.622,159.133,-114.644,159.133,-119.622
Base-1742,1051,No,Base,1742,No,67.4167,219.1667,0,b2a2c194-a12a-4495-b241-ab47ea819425,30.484,-19.632,31.643,-18.473,31.643,-19.632
Base-1745,1052,No,Base,1745,No,73.4167,219.1667,0,8cc7dc32-438f-445d-a14c-c4aec285777f,51.246,-50.339,51.011,-50.574,51.246,-50.574
Base-1750,1053,No,Base,1750,No,86.4167,219.1667,0,34625f90-b322-41da-aded-1d4a868dea8b,9.182,6.374,11.079,8.271,11.079,6.374
Base-1751,1054,No,Base,1751,No,80.9167,219.1667,0,d889d066-a658-49b2-9ab9-b1187cc35bf1,64.125,-49.836,66.344,-47.617,66.344,-49.836
Base-1754,1055,No,Base,1754,No,93.4167,219.1667,0,881f60dd-e785-4b69-83dd-d882da4e9945,17.073,-1.874,18.847,-0.1,18.847,-1.874
Base-1757,1056,No,Base,1757,No,100.0833,219.1667,0,7285c834-f07d-498d-a1f2-5658ac5ea8e7,53.789,-59.513,52.561,-60.742,53.789,-60.742
Base-1762,1057,No,Base,1762,No,114.9167,219.1667,0,be2f0f4c-3cbb-445f-a74d-04b6ce2c6a85,9.4,4.492,11.077,6.169,11.077,4.492
Base-1763,1058,No,Base,1763,No,108.25,219.1667,0,7e5d3aae-7d54-4966-bac4-6457cbd1ef4f,51.612,-35.1,54.062,-32.65,54.062,-35.1
Base-1766,1059,No,Base,1766,No,120.75,219.1667,0,7c23c24b-706c-415e-a647-44a8444e7762,9.021,4.983,10.729,6.691,10.729,4.983
Base-1769,1060,No,Base,1769,No,128.75,219.1667,0,a604d147-534a-4f68-a45b-20712ed43da9,17.494,-2.827,19.21,-1.111,19.21,-2.827
Base-1772,1061,No,Base,1772,No,138.4167,219.1667,0,e6f97024-6376-4237-be7e-b6cf8a066c3a,16.362,-3.701,17.814,-2.249,17.814,-3.701
Base-1775,1062,No,Base,1775,No,145.4167,219.1667,0,5c0267dc-ffdd-47d0-80f7-5508769dba8d,16.315,-7.056,17.323,-6.047,17.323,-7.056
Base-1778,1063,No,Base,1778,No,151.4167,219.1667,0,64a2c6ec-a5d8-4177-a1ec-ce98d33def98,15.708,-4.986,16.907,-3.786,16.907,-4.986
Base-1781,1064,No,Base,1781,No,157.4167,219.1667,0,1ff807e9-2cc2-4ef2-bdf2-6e0423a063b5,22.693,-24.366,22.241,-24.818,22.693,-24.818
Base-1786,1065,No,Base,1786,No,170.9167,219.1667,0,68413ed4-4bc4-4cd6-983b-27b1e9e96cab,8.094,5.199,9.759,6.865,9.759,5.199
Base-1787,1233,No,Base,1787,No,164.4167,219.1667,0,f8612876-a56f-434a-a674-d1b12295a027,11.995,-1.195,13.417,0.227,13.417,-1.195
Base-1790,1066,No,Base,1790,No,175.5833,219.1667,0,6a69edcd-45ef-479b-aa37-7aebb8efc100,10.77,-1.784,11.823,-0.731,11.823,-1.784
Base-1793,1067,No,Base,1793,No,180.3333,219.1667,0,b1791806-87ee-455e-ae39-93ae4b90aba1,8.678,0.02,9.718,1.061,9.718,0.02
Base-1796,1068,No,Base,1796,No,184.5,219.1667,0,40c9cdc2-cb54-4f3d-ab3a-f0bc08b39dd2,8.938,0.679,10.077,1.818,10.077,0.679
Base-1811,1069,No,Base,1811,No,207.5,219.1667,0,add2bf92-103b-4a36-8141-9d3b87507fb4,13.182,-11.61,13.351,-11.441,13.351,-11.61
Base-1816,1070,No,Base,1816,No,220.75,210.1667,0,c04c1aeb-529a-4bf0-b0f9-d0c96362190b,65.502,-7.643,73.024,-0.121,73.024,-7.643
Base-1817,1071,No,Base,1817,No,213.1667,210.1667,0,713fb623-177f-49c2-a160-733a19c43918,2.369,2.027,2.772,2.431,2.772,2.027
Base-1820,1072,No,Base,1820,No,229.5,210.1667,0,b1a8667e-8d63-482f-b322-d85408a2d941,36.584,0.878,41.303,5.597,41.303,0.878
Base-1823,1073,No,Base,1823,No,238.7083,210.1667,0,7fdf89fb-18b4-4258-a1f0-27889688d356,17.301,-2.507,19.282,-0.526,19.282,-2.507
Base-1830,1074,No,Base,1830,No,276.75,210.1667,0,c696a2e4-f4b9-4e33-a612-e7e780259c9e,55.51,-41.617,57.4,-39.726,57.4,-41.617
Base-1831,1075,No,Base,1831,No,252.0833,210.1667,0,e725c267-db97-455c-ba1b-124c8bf545ce,50.336,-36.078,52.054,-34.36,52.054,-36.078
Base-1834,1076,No,Base,1834,No,143.8333,108,0,91d29f48-b790-4b46-aa66-d0d3bcf27f16,62.702,24.06,75.627,36.985,75.627,24.06
Base-1835,1077,No,Base,1835,No,143.8333,106.3333,0,ef088a57-e5b0-4d62-9496-02565d32cc4d,149.312,-145.381,149.849,-144.845,149.849,-145.381
Base-1838,1078,No,Base,1838,No,319.5,210.1667,0,3d0219ff-a4de-4606-b57f-e48465d676b9,15.466,5.216,18.139,7.89,18.139,5.216
Base-1839,1079,No,Base,1839,No,290.9167,210.1667,0,3bad93b3-c3b5-44aa-97da-f2d1a3da9d79,61.99,-45.305,64.122,-43.173,64.122,-45.305
Base-1844,1080,No,Base,1844,No,260.3056,210.1667,0,9141c5e4-d6ac-4fde-8168-5f238a031d3d,42.505,-1.743,47.722,3.473,47.722,-1.743
Base-1845,1081,No,Base,1845,No,268.5278,210.1667,0,c3bca235-b5b8-4b70-b1f0-935ef45f06d7,25.463,17.112,30.988,22.637,30.988,17.112
Base-1855,1082,No,Base,1855,No,298.0625,210.1667,0,a866d337-b58c-4059-884b-e41d9b8623a2,58.082,-26.679,62.121,-22.639,62.121,-26.679
Base-1856,1083,No,Base,1856,No,305.2083,210.1667,0,881b0169-ab25-4639-a468-adb65bbe0bf4,25.855,2.39,29.512,6.048,29.512,2.39
Base-1857,1084,No,Base,1857,No,312.3542,210.1667,0,7282b70f-509d-41b4-989d-10916ce8a620,18.22,4.462,21.161,7.403,21.161,4.462
Base-1863,1085,No,Base,1863,No,326.6667,210.1667,0,cc341267-589b-48e5-823c-166e8c9803dd,33.46,-16.16,35.671,-13.949,35.671,-16.16
Base-1864,1086,No,Base,1864,No,333.8333,210.1667,0,ebbcf6c2-3f42-4ec5-9765-5a2b94462b18,48.783,-37.47,50.204,-36.049,50.204,-37.47
Base-1869,1087,No,Base,1869,No,207.5,210.1667,0,57b7ae30-7240-48a7-9155-b880e6d9e18a,83.478,-72.221,84.81,-70.889,84.81,-72.221
Base-1874,1088,No,Base,1874,No,207.5,214.6667,0,794f4d67-7530-47dc-81df-fecade8bfb9a,68.024,-28.476,73.447,-23.054,73.447,-28.476
Base-1875,1089,No,Base,1875,No,207.5,217.6667,0,f62f32f6-d577-4a07-904d-fcbab722c500,26.018,-30.517,25.328,-31.207,26.018,-31.207
Base-1877,1234,No,Base,1877,No,190.5,219.1667,0,9cb85514-0517-4f04-a2c2-2407d7fb6c7a,4.823,-3.445,4.892,-3.376,4.892,-3.445
Base-1882,1090,No,Base,1882,No,197.5,219.1667,0,9347fd3c-adbd-437d-8c43-0148252998c3,19.934,-14.266,20.581,-13.619,20.581,-14.266
Base-1883,1091,No,Base,1883,No,193.5,219.1667,0,efcd4811-7e06-4621-a7af-5d95795859db,8.07,-3.256,8.697,-2.629,8.697,-3.256
Base-1884,1092,No,Base,1884,No,203.5,219.1667,0,e7f29a72-812f-4170-9290-db50e2b4b964,27.184,-24.095,27.524,-23.755,27.524,-24.095
Base-1893,2971,No,Base,1893,No,22.4167,195.0833,0,9dfdaa38-18b7-47df-b05b-b695b67e4348,18.576,-13.365,19.017,-12.923,19.017,-13.365
Base-1894,1094,No,Base,1894,No,0,195.0833,0,89a593fb-3d2f-4ce9-8771-8cb6c20075cd,54.844,-20.959,59.812,-15.991,59.812,-20.959
Base-1899,1095,No,Base,1899,No,46.9167,195.0833,0,d33c79e7-ca29-4b03-8c37-ebd34de01ccc,63.25,-35.665,66.754,-32.161,66.754,-35.665
Base-1900,1096,No,Base,1900,No,27.6667,195.0833,0,9721225d-4475-4a07-88eb-eef8989c4a3d,44.061,-15.86,48.15,-11.771,48.15,-15.86
Base-1908,1097,No,Base,1908,No,5.6042,195.0833,0,951a863b-08f2-4da1-a0fe-95d8a8fc808b,41.602,-9.42,46.078,-4.943,46.078,-9.42
Base-1909,1098,No,Base,1909,No,11.2083,195.0833,0,c609273c-e31e-4f4b-9721-4266f4bd0e65,27.6,3.043,31.752,7.195,31.752,3.043
Base-1910,1099,No,Base,1910,No,16.8125,195.0833,0,5f511ad4-6a73-4bda-8eea-5652e1dadddf,23.426,9.632,27.847,14.053,27.847,9.632
Base-1915,1100,No,Base,1915,No,34.0833,195.0833,0,8a7b3523-820b-49eb-b0c1-a27881127984,38.705,-3.895,43.364,0.763,43.364,-3.895
Base-1916,1101,No,Base,1916,No,40.5,195.0833,0,67744fc5-e771-4a4e-801d-b4060022db90,41.358,-17.796,44.348,-14.806,44.348,-17.796
Base-1919,1102,No,Base,1919,No,50.9167,210.1667,0,f5b87305-661a-49f2-b8a5-2e92012f6564,84.909,-51.24,89.52,-46.629,89.52,-51.24
Base-1920,1103,No,Base,1920,No,50.9167,188.3333,0,3aee8058-1a7a-4ae9-8012-5d4c80b0439f,111.486,-25.24,123.721,-13.005,123.721,-25.24
Base-1924,1104,No,Base,1924,No,50.9167,214.6667,0,c5b0d2e8-3506-4394-a9a9-227b6b6673bb,79.339,-62.208,81.782,-59.764,81.782,-62.208
Base-1930,1105,No,Base,1930,No,50.9167,195.6111,0,6482bd99-fc08-476e-9088-d31e34fa91e6,124.327,-37.344,136.538,-25.133,136.538,-37.344
Base-1931,1106,No,Base,1931,No,50.9167,202.8889,0,540ffd15-0e56-4051-b8d6-cbf450c0b8b3,116.619,-50.439,125.851,-41.207,125.851,-50.439
Base-1940,1107,No,Base,1940,No,50.9167,180.3333,0,3a25bb11-e461-42e3-a2df-23a5687e926a,59.353,-6.444,66.803,1.007,66.803,-6.444
Base-1949,1108,No,Base,1949,No,50.9167,165,0,b976d08f-fea6-4780-8c1b-0f6ebbc5c555,84.426,31.949,101.799,49.321,101.799,31.949
Base-1957,1109,No,Base,1957,No,143.8333,110.3333,0,d39d5a5a-91fa-4c45-ad25-1030f5e706a8,67.905,7.044,79.021,18.16,79.021,7.044
Base-1962,1110,No,Base,1962,No,143.8333,114.1667,0,5ab16851-7729-4bc6-a99d-3f37e76b66f2,160.979,-52.254,177.071,-36.162,177.071,-52.254
Base-1974,1111,No,Base,1974,No,50.9167,162,0,1125ad69-4694-439f-b2a6-405d6aae7a01,43.906,30.824,55.065,41.982,55.065,30.824
Base-1985,1112,No,Base,1985,No,50.9167,155.1667,0,8e1f2fc9-479a-4f18-9675-cdd433f0f779,57.842,33.293,71.725,47.176,71.725,33.293
Base-1995,1113,No,Base,1995,No,50.9167,158.8333,0,d194b40e-7bac-46dc-abe0-067a0ae74080,57.539,28.953,70.677,42.091,70.677,28.953
Base-2010,1114,No,Base,2010,No,50.9167,151.1667,0,68fd23de-c555-4510-95f4-03011958ac99,55.099,50.656,71.336,66.893,71.336,50.656
Base-2021,1115,No,Base,2021,No,50.9167,146.9167,0,5ae060fd-1444-4a7b-bcb8-0af79819cb22,83.228,38.202,101.996,56.971,101.996,38.202
Base-2032,1116,No,Base,2032,No,50.9167,141.9167,0,dba16659-e5a7-4fe9-a624-f3c1ef95fc5b,94.796,30.312,114.229,49.744,114.229,30.312
Base-2043,1117,No,Base,2043,No,50.9167,133.6667,0,7e0b11e3-ed2b-4be9-86da-5394b8dae031,107.098,-3.306,123.199,12.796,123.199,-3.306
Base-2054,1118,No,Base,2054,No,50.9167,128.9167,0,30706399-ca76-4672-8d38-363c8b805e9d,152.63,-22.87,172.827,-2.673,172.827,-22.87
Base-2066,1119,No,Base,2066,No,50.9167,120.9167,0,56eb28ec-edb0-4ec6-8803-d4607e2e1a10,149.124,-36.781,166.46,-19.445,166.46,-36.781
Base-2077,1120,No,Base,2077,No,50.9167,118.9167,0,ddf9ec0d-8e68-4a77-9b37-c6bf43ebab60,215.753,-91.16,234.548,-72.365,234.548,-91.16
Base-2090,1121,No,Base,2090,No,50.9167,137.7917,0,14f79c60-df27-4e56-ad39-8881928f4b9e,120.557,-10.293,137.781,6.931,137.781,-10.293
Base-2103,1122,No,Base,2103,No,50.9167,124.9167,0,1e5a076b-03ab-4d05-b513-737958e9d4bb,132.92,-38.848,147.382,-24.385,147.382,-38.848
Base-2117,1123,No,Base,2117,No,50.9167,111.9167,0,1194bd19-64ac-4896-9219-78e7d2956c60,308.36,-136.79,334.425,-110.725,334.425,-136.79
Base-2118,1124,No,Base,2118,No,50.9167,109.8333,0,b8ac652e-6da7-49e2-a123-2a5f83a1796b,106.789,-76.464,111.788,-71.465,111.788,-76.464
Base-2123,1277,No,Base,2123,No,106.9167,26.5,0,be6fa3d4-1ef1-49e0-bb38-f1c33a5d9615,0,0,0,0,0,0
Base-2124,1276,No,Base,2124,No,106.9167,22,0,1105697e-eefa-4021-8acd-64cfeca6795d,0,0,0,0,0,0
Base-2135,1125,No,Base,2135,No,50.9167,177.8333,0,b1db0967-3147-4675-8a73-37b3ca74f241,110.714,-0.791,126.357,14.852,126.357,-0.791
Base-2144,1126,No,Base,2144,No,50.9167,171.4167,0,86e6a61d-38bf-456f-ae5c-6ef229a24113,148.715,4.012,171.11,26.407,171.11,4.012
Base-2168,1127,No,Base,2168,No,50.9167,87.5,0,4cffd6d6-01af-4ee2-9c94-64d5b83e8f35,42.166,-21.158,45.213,-18.111,45.213,-21.158
Base-2173,1128,No,Base,2173,No,50.9167,81.5,0,df9bd3b1-da07-4528-b0ba-2a48e3a894c2,55.327,-38.69,57.739,-36.278,57.739,-38.69
Base-2178,1129,No,Base,2178,No,50.9167,84.5,0,38e80f12-6d1b-4002-b87f-e566b3d6c976,59.077,-39.239,61.951,-36.366,61.951,-39.239
Base-2188,1130,No,Base,2188,No,50.9167,78.5,0,1cde7b8a-bfb6-415a-b7c6-6bbc69239acd,13.561,-3.929,15.009,-2.481,15.009,-3.929
Base-2189,1131,No,Base,2189,No,50.9167,69.5,0,257ac818-1dc0-4925-b13c-232476811935,38.426,-15.952,41.8,-12.579,41.8,-15.952
Base-2195,2603,No,Base,2195,No,50.9167,63.5,0,04484c84-0771-446f-8ce8-d1a38913ffcd,0,0,0,0,0,0
Base-2199,2608,No,Base,2199,No,50.9167,60.5,0,2e308f8e-a814-4e91-b36d-a6c9cffb0ee0,0,0,0,0,0,0
Base-2203,2611,No,Base,2203,No,50.9167,56.5,0,a47c583d-053e-42b2-bab5-9a6498ddfd25,0,0,0,0,0,0
Base-2207,1132,No,Base,2207,No,50.9167,53.5,0,6afc6d27-66c6-4940-9956-645b3bc52f8b,25.848,-0.202,29.675,3.624,29.675,-0.202
Base-2208,1282,No,Base,2208,No,106.9167,50,0,9ca145a2-3ebb-4603-a1fa-0a96084ba3df,0,0,0,0,0,0
Base-2209,1278,No,Base,2209,No,106.9167,31.5,0,6b3d0d9a-1560-42c2-bdb1-8ae252f8e5ce,0,0,0,0,0,0
Base-2214,2617,No,Base,2214,No,50.9167,50,0,fd41877e-d3c8-4861-bfe2-9c4f54d1bc1c,0,0,0,0,0,0
Base-2218,1133,No,Base,2218,No,50.9167,74,0,40582f8d-f608-4a39-95b4-ee74db106bfc,10.323,3.104,12.34,5.121,12.34,3.104
Base-2227,1134,No,Base,2227,No,46.9167,177.8333,0,7490d42a-bb13-4333-9250-05aed52c6a2e,41.331,34.056,52.693,45.417,52.693,34.056
Base-2232,1135,No,Base,2232,No,46.9167,183.5833,0,b880a758-8b4d-4817-b123-70a868df98d0,47.259,11.797,55.771,20.309,55.771,11.797
Base-2233,1136,No,Base,2233,No,46.9167,189.3333,0,6484096e-c612-40a1-a77f-9e2d20f2c4a3,37.186,-8.402,41.091,-4.497,41.091,-8.402
Base-2234,1137,No,Base,2234,No,143.8333,119.1667,0,4dbc92e9-e782-4576-be4d-f4aa98d6b5da,278.873,-216.776,287.984,-207.666,287.984,-216.776
Base-2239,2984,No,Base,2239,No,0,192.0833,0,f5a95616-f3ed-4744-95ce-ef1148000dd4,8.962,-3.061,9.649,-2.374,9.649,-3.061
Base-2246,1139,No,Base,2246,No,0,186.0833,0,633514a2-c103-48fd-a695-2d4cea6259e6,25.65,-11.123,28.366,-8.408,28.366,-11.123
Base-2247,1140,No,Base,2247,No,0,180.3333,0,053f3630-5f7d-4608-9a73-7a27f66cfd73,19.456,-2.482,22.661,0.723,22.661,-2.482
Base-2251,1141,No,Base,2251,No,0,177.8333,0,c264ce77-3b3f-456a-8b53-4ecfe4a7ec34,9.957,6.483,13.185,9.711,13.185,6.483
Base-2255,1142,No,Base,2255,No,0,166.0833,0,1a860ebd-75e1-4967-9fec-5713fce7c685,10.41,5.556,14.023,9.169,14.023,5.556
Base-2259,1143,No,Base,2259,No,0,171.9583,0,2c7b8d0c-29c2-48f9-bcf9-8ea042e5dfaa,15.759,0.835,19.281,4.356,19.281,0.835
Base-2263,1144,No,Base,2263,No,0,159.3333,0,502b4bd9-2cea-4db7-8cf8-1d47c89676d1,13.849,6.082,18.406,10.639,18.406,6.082
Base-2267,1145,No,Base,2267,No,0,155.1667,0,8d9aed3e-26ac-4ae1-b4f9-1c282d1d9100,10.219,3.41,13.336,6.528,13.336,3.41
Base-2271,1146,No,Base,2271,No,0,151.1667,0,242271f9-42e8-427c-b7b5-f7df950884c6,11.421,-0.271,14.045,2.352,14.045,-0.271
Base-2275,1147,No,Base,2275,No,0,148.0833,0,78c860b9-b889-48d9-91f8-cba91d028f23,10.36,9.415,14.974,14.029,14.974,9.415
Base-2279,1148,No,Base,2279,No,0,141.3333,0,52ab0d71-9c05-402d-8669-8efdc114a741,13.491,12.917,19.65,19.076,19.65,12.917
Base-2283,1149,No,Base,2283,No,0,133.6667,0,e7da34a9-4fad-4259-91a2-f1b38cde11b0,18.126,10.395,24.652,16.922,24.652,10.395
Base-2287,1150,No,Base,2287,No,0,120.9167,0,6c57dcb4-f9c1-4563-a490-3899a01e84e7,8.672,8.414,12.151,11.893,12.151,8.414
Base-2291,1151,No,Base,2291,No,0,107.4167,0,cadf3b1e-b88b-49de-adde-f84b3fc6f45c,6.712,4.81,8.746,6.843,8.746,4.81
Base-2295,1152,No,Base,2295,No,0,100.3333,0,e0c51917-6e6e-4310-a2f9-d88f4aaead49,8.224,5.166,10.389,7.331,10.389,5.166
Base-2299,1153,No,Base,2299,No,0,87.5,0,d39ee08f-ca80-4dfa-aec7-d9e07bbc2c49,19.915,13.844,24.99,18.919,24.99,13.844
Base-2303,1154,No,Base,2303,No,0,81.5,0,464a600d-e15f-4259-8813-e738aa9d261e,18.633,12.794,23.315,17.476,23.315,12.794
Base-2307,1155,No,Base,2307,No,0,127.2917,0,2a1fd0d9-c07d-465c-b106-f9efb84e4a3c,10.209,10.089,14.774,14.654,14.774,10.089
Base-2311,1156,No,Base,2311,No,0,114.1667,0,208ebfb0-1f26-4420-8378-ebbbf2c6fe42,13.337,10.936,18.049,15.648,18.049,10.936
Base-2315,1157,No,Base,2315,No,0,93.9167,0,3578d6dd-3612-4221-a63e-b70d13841db8,15.355,9.779,19.209,13.633,19.209,9.779
Base-2319,1158,No,Base,2319,No,0,76.8333,0,070e9af2-58a7-435a-8e8a-d5e0e8735f77,24.695,13.866,30.429,19.6,30.429,13.866
Base-2323,1159,No,Base,2323,No,0,69.5,0,49a07f84-c894-4e07-b8de-ce55038d2637,31.86,-1.044,36.441,3.536,36.441,-1.044
Base-2337,1162,No,Base,2337,No,0,56.5,0,421c1196-ccd4-4da0-9995-7e32490cba79,31.932,21.988,39.989,30.045,39.989,21.988
Base-2345,2690,No,Base,2345,No,0,31.5,0,b8c1b804-80e1-4d90-ac32-f422e69814e2,0,0,0,0,0,0
Base-2349,1164,No,Base,2349,No,0,23.0833,0,49551f68-9b3a-45cb-b51e-51bf2e790b98,94.322,-16.267,105.535,-5.054,105.535,-16.267
Base-2355,2695,No,Base,2355,No,0,40.75,0,cfd8ae9b-6fbf-4a6f-bd97-7fe6c9523118,34.291,11.852,41.106,18.667,41.106,11.852
Base-2359,2707,No,Base,2359,No,20,23.0833,0,218fac55-f39a-4d51-a510-5433b388de33,0,0,0,0,0,0
Base-2366,2701,No,Base,2366,No,6.6667,23.0833,0,4af2d586-6b73-45e2-a36a-00119bd597a7,0,0,0,0,0,0
Base-2367,2702,No,Base,2367,No,13.3333,23.0833,0,7ec3631e-854b-4fa5-b83f-57f3bf8b1163,0,0,0,0,0,0
Base-2371,1169,No,Base,2371,No,16.6667,23.0833,0,714adaca-ccf2-4b3b-9a58-1d89aaa296e9,0,0,0,0,0,0
Base-2380,1171,No,Base,2380,No,42.8333,23.0833,0,19c54940-3b21-41b1-8d7c-fce4fa19a7f7,16.556,6.04,19.4,8.884,19.4,6.04
Base-2381,2727,No,Base,2381,No,25,23.0833,0,987c35db-6b8e-4aa0-8cb5-107c14893de5,0,0,0,0,0,0
Base-2388,2728,No,Base,2388,No,30.9444,23.0833,0,b8b1d4cc-a318-4b32-b2cb-46dec9c779dc,25.565,1.498,29.149,5.083,29.149,1.498
Base-2389,2975,No,Base,2389,No,36.8889,23.0833,0,8c0ae406-704a-4c0b-aadd-1c8512278fc9,10.575,6.946,12.778,9.148,12.778,6.946
Base-2393,2723,No,Base,2393,No,27.9722,23.0833,0,28dfcf6c-03e4-4d0c-9c76-4e72edf28b6d,0,0,0,0,0,0
Base-2425,1180,No,Base,2425,No,42.8333,81.5,0,f5605691-f32b-48c0-bd6f-969f512230a6,24.023,9.958,28.79,14.725,28.79,9.958
Base-2426,1181,No,Base,2426,No,42.8333,76.8333,0,3c9bf84d-31a3-4a84-bdce-417e43639515,25.176,3.77,29.239,7.834,29.239,3.77
Base-2439,1182,No,Base,2439,No,42.8333,28.8333,0,d438d013-14c7-478e-a177-ad92e96f06aa,12.132,8.844,14.871,11.584,14.871,8.844
Base-2440,1183,No,Base,2440,No,42.8333,34.5833,0,96813f2d-f7a9-4fd9-a4b0-de0bc9a6328d,15.868,13.869,19.901,17.902,19.901,13.869
Base-2446,1186,No,Base,2446,No,42.8333,87.5,0,b93e7164-9e3b-485a-932a-ba1a91908804,19.104,16.711,24.209,21.816,24.209,16.711
Base-2450,1187,No,Base,2450,No,42.8333,91.5,0,f8f3838f-6fec-40d2-ae52-34766669d068,26.927,0.138,30.727,3.938,30.727,0.138
Base-2454,1188,No,Base,2454,No,42.8333,100.3333,0,c89e302a-5695-4fa5-9e8a-a8a907103686,33.666,-17.608,35.879,-15.395,35.879,-17.608
Base-2458,1189,No,Base,2458,No,42.8333,95.9167,0,313caed5-057e-41c3-b08c-fa648b1fedc4,43.872,-13.499,48.149,-9.221,48.149,-13.499
Base-2472,1190,No,Base,2472,No,143.8333,125.6667,0,70ffa90a-c6cf-443b-bd47-6e401e70f3fd,267.06,-227.09,272.88,-221.27,272.88,-227.09
Base-2473,1191,No,Base,2473,No,143.8333,123.6667,0,c55248b0-649e-4578-8483-183c5a2afdd4,165.718,-145.65,168.779,-142.588,168.779,-145.65
Base-2496,1192,No,Base,2496,No,143.8333,133.6667,0,d5ddf8fe-b396-4664-8f5d-b5cc1306d161,340.528,-244.156,354.898,-229.786,354.898,-244.156
Base-2497,1193,No,Base,2497,No,143.8333,130.1667,0,a7483469-e417-4b1d-bd4b-8eaa14df2dc0,85.858,-68.975,88.352,-66.481,88.352,-68.975
Base-2506,1194,No,Base,2506,No,153.1667,89.1667,0,f12c8199-f132-478b-b3ee-2656435e9a97,200.023,-136.364,210.373,-126.015,210.373,-136.364
Base-2507,1195,No,Base,2507,No,143.8333,89.1667,0,fee7b3b7-920e-4422-a2ed-88de7568adcb,123.755,-65.716,133.059,-56.413,133.059,-65.716
Base-2509,1196,No,Base,2509,No,148.5,89.1667,0,35aab01c-63ed-4e13-9310-56f4e665cace,233.353,-145.749,246.871,-132.232,246.871,-145.749
Base-2513,1197,No,Base,2513,No,153.1667,91.5,0,1c74abf8-ba01-4e78-9c0f-61c15b843e61,126.495,-85.242,132.416,-79.321,132.416,-85.242
Base-2515,1198,No,Base,2515,No,153.1667,95.5,0,caa04fe9-1571-4dd7-9ec6-eb29026288e9,107.727,-53.109,116.221,-44.615,116.221,-53.109
Base-2529,1200,No,Base,2529,No,153.1667,100.3333,0,a4e3a500-07d2-4f03-94b5-5ced73abe984,94.306,-20.309,105.648,-8.966,105.648,-20.309
Base-2541,1202,No,Base,2541,No,153.1667,103.8333,0,11517b5a-f921-4487-8cb1-534d98509f66,45.072,25.076,55.63,35.634,55.63,25.076
Base-2553,1204,No,Base,2553,No,153.1667,108,0,fa2712ca-d92e-406e-a92a-6486a2fd1f85,67.389,27.033,81.475,41.118,81.475,27.033
Base-2565,1279,No,Base,2565,No,106.9167,36.125,0,bf5bdd99-01be-4e4c-a851-5eea2750c597,0,0,0,0,0,0
Base-2566,1280,No,Base,2566,No,106.9167,40.75,0,da67187a-d2d7-4cc7-bb2f-3f0c724767a6,0,0,0,0,0,0
Base-2567,1281,No,Base,2567,No,106.9167,45.375,0,787c17c5-543a-4670-a990-3b3e73df1638,0,0,0,0,0,0
Base-2570,1205,No,Base,2570,No,156.25,108,0,c5ee1e6d-cc81-4171-b6e3-34e4032f7db3,208.312,-130.961,219.81,-119.463,219.81,-130.961
Base-2581,1206,No,Base,2581,No,146.9444,108,0,6855c9a0-4a17-4869-a049-5e222cdb407e,33.849,24.311,42.509,32.971,42.509,24.311
Base-2583,1207,No,Base,2583,No,150.0556,108,0,65525028-33c6-4f67-b19f-bd6e703fe190,44.14,17.515,53.32,26.696,53.32,17.515
Base-2606,2714,No,Base,2606,No,156.25,110.8333,0,bc1959b9-e4b2-43c8-bba6-d98dc66a0561,357.852,-367.921,356.483,-369.291,357.852,-369.291
Base-2626,1209,No,Base,2626,No,156.25,119.3333,0,a325a3c8-0ea2-476f-b45a-0743468293db,486.842,-388.016,501.573,-373.285,501.573,-388.016
Base-2627,1210,No,Base,2627,No,156.25,115.3333,0,338544a4-3ef7-4b12-9abe-2f68031e78fb,361.278,-259.086,376.218,-244.146,376.218,-259.086
Base-2644,1211,No,Base,2644,No,156.25,133.6667,0,36a4c690-0b88-4b5d-9583-635aacb99a63,225.194,-169.635,233.597,-161.233,233.597,-169.635
Base-2645,1212,No,Base,2645,No,156.25,123.6667,0,6da73969-3069-4b09-aa5a-9e2643af4ab6,121.542,-80.31,127.59,-74.262,127.59,-80.31
Base-2653,1213,No,Base,2653,No,156.25,128.6667,0,1baebdc2-9d76-4b22-8013-4fd9724f3e38,214.986,-142.117,225.736,-131.366,225.736,-142.117
Base-2662,1214,No,Base,2662,No,147.9723,133.6667,0,993a9fe4-1f08-44bb-b76d-d6537803b75c,210.261,-146.518,219.741,-137.038,219.741,-146.518
Base-2664,1215,No,Base,2664,No,152.1111,133.6667,0,7cbba115-df4d-4de9-a03d-9927a2728ef5,214.675,-152.992,223.897,-143.77,223.897,-152.992
Base-2780,1223,No,Base,2780,No,42.0833,161.1667,0,e118955a-2f91-4242-a1f1-e99587632b9f,70.498,42.841,87.855,60.198,87.855,42.841
Base-2781,1224,No,Base,2781,No,42.0833,177.8333,0,1f403450-e357-4ae2-baac-705973992d8f,149.577,-21.847,168.288,-3.135,168.288,-21.847
Base-2791,1226,No,Base,2791,No,271.4167,149.3333,0,14faa60b-77b6-4343-9a44-9c4f56676839,27.46,25.565,34.84,32.945,34.84,25.565
Base-2859,601,No,Base,2859,No,106.9167,14,0,b081cc77-1040-4a11-be50-e1a1a186732e,0,0,0,0,0,0
Base-2929,91,No,Base,2929,No,196.75,75.5,0,87f2d2b2-6f63-4cd4-8ec2-7f1d52392a35,113.817,-63.467,121.738,-55.546,121.738,-63.467
Base-3163,663,No,Base,3163,No,168.1667,91.5,0,e9ec55ca-f0a5-4516-919d-295ca022caa2,185.287,120.75,233.779,169.242,233.779,120.75
Base-1,1228,No,Base,1,No,168.1667,133.6667,0,783a2f95-af50-4217-b553-cd01907f3778,225.113,102.322,281.025,158.234,281.025,102.322
Base-29,1235,No,Base,29,No,111.0833,14,0,f4e877e8-e3aa-4b94-a9eb-e80d5b293e97,0,0,0,0,0,0
Base-30,1287,No,Base,30,No,120.75,36.125,0,c24baa55-30dd-4a56-959e-ac4f7fc627ce,0,0,0,0,0,0
Base-31,1236,No,Base,31,No,111.0833,36.125,0,12740482-4b2a-4893-a481-3ec861a94dc4,22.567,18.182,27.647,23.262,27.647,18.182
Base-32,1237,No,Base,32,No,111.0833,50,0,461cbcd2-92be-447f-8cba-7f0b29cc7dd3,38.936,-5.984,42.879,-2.042,42.879,-5.984
Base-57,2877,No,Base,57,No,271.4167,188.3333,0,8703b918-6ce8-4c38-b00b-f02be44ca4c3,69.06,68.324,90.795,90.059,90.795,68.324
Base-58,2879,No,Base,58,No,291.75,188.3333,0,1b935d6a-157b-4ce5-8bc4-e643811bc2a4,62.153,61.773,79.912,79.532,79.912,61.773
Base-59,2881,No,Base,59,No,319.5,188.3333,0,3282410f-a35e-40e9-a1f2-3f7992dd1d9e,59.672,59.542,76.35,76.22,76.35,59.542
Base-62,2883,No,Base,62,No,271.4167,165,0,6e26602e-00ab-4c21-ab4f-46f594117ef4,59.064,58.254,78.026,77.215,78.026,58.254
Base-64,2885,No,Base,64,No,291.75,165,0,f95e6777-eeaf-4142-857f-0dd4882615fe,49.82,49.58,64.249,64.009,64.249,49.58
Base-65,2887,No,Base,65,No,319.5,165,0,98e8b238-4841-43d8-8713-c2f6bce81167,49.578,49.441,63.438,63.301,63.438,49.441
Base-73,2889,No,Base,73,No,291.75,149.3333,0,fcaa5ea3-25f8-4d6e-82ec-03ed20d1e3c2,36.401,36.249,46.468,46.315,46.468,36.249
Base-74,2891,No,Base,74,No,319.5,149.3333,0,f74b00de-703a-4ab3-a1e0-fa07440b8cd6,40.04,39.758,51.193,50.911,51.193,39.758
Base-75,2893,No,Base,75,No,79.5833,210.1667,0,603790d4-d5bf-44d7-bd9d-13abc8e16ffd,37.979,37.832,48.486,48.338,48.486,37.832
Base-76,2895,No,Base,76,No,100.0833,210.1667,0,46461453-6195-448a-a25c-a62bd0a6eb7d,37.216,36.911,47.472,47.166,47.472,36.911
Base-77,2897,No,Base,77,No,128.75,210.1667,0,509edc42-bbbf-4438-a0fd-66165c6c0451,44.343,43.78,56.533,55.969,56.533,43.78
Base-78,2899,No,Base,78,No,156.25,210.1667,0,3dc850f4-82a9-46a2-8629-9d6d469c77e7,39.863,39.306,50.818,50.261,50.818,39.306
Base-79,2901,No,Base,79,No,180.3333,210.1667,0,82af8a34-b5e8-446c-be4a-40c5fda508f8,40.055,38.85,50.979,49.774,50.979,38.85
Base-80,2903,No,Base,80,No,79.5833,165,0,0f310ca8-c309-4fc0-addd-4e94cd8c20d8,156.921,155.258,216.742,215.079,216.742,155.258
Base-81,2905,No,Base,81,No,79.5833,149.3333,0,b5c8199d-dc3b-4de8-b3ba-93ea8aefa7f5,121.339,121.273,167.893,167.828,167.893,121.273
Base-82,2907,No,Base,82,No,79.5833,133.6667,0,8cc7984e-fb75-4040-b3a0-8d7ba748e23b,151.095,148.991,208.535,206.43,208.535,148.991
Base-83,2909,No,Base,83,No,100.0833,133.6667,0,6ccbe4bb-7a94-488a-aaf2-15738ef6a7ce,147.778,146.08,204.175,202.477,204.175,146.08
Base-84,2911,No,Base,84,No,100.0833,149.3333,0,18e9480d-7579-40d0-a255-33683fea5933,111.383,111.171,154.239,154.027,154.239,111.171
Base-85,2913,No,Base,85,No,101.0833,165,0,e1a54ff5-7147-4e38-ad06-8109f7b9640b,146.404,145.311,202.403,201.311,202.403,145.311
Base-86,2915,No,Base,86,No,128.75,165,0,cfc1832d-4e15-4ba5-b256-1f1bfc0a284a,169.342,168.179,234.074,232.911,234.074,168.179
Base-87,2917,No,Base,87,No,128.75,149.3333,0,7064f369-ba32-4ad3-9f18-20406cee1e90,132.834,131.581,183.626,182.373,183.626,131.581
Base-88,2919,No,Base,88,No,128.75,133.6667,0,09048822-5930-4c66-9d82-83b0790b4cef,144.003,128.631,196.007,180.635,196.007,128.631
Base-89,2921,No,Base,89,No,156.25,165,0,636b0d19-ed4d-42f9-9ceb-e7157cf554c3,155.522,154.565,215.044,214.087,215.044,154.565
Base-90,2923,No,Base,90,No,156.25,149.3333,0,d4567948-f422-4aa4-bb86-95da7f9bf4bf,121.237,115.934,166.755,161.451,166.755,115.934
Base-91,2925,No,Base,91,No,180.3333,165,0,e1a34b0b-c320-4a49-bd7e-851289b6c876,158.962,155.563,219.294,215.895,219.294,155.563
Base-92,2927,No,Base,92,No,180.3333,149.3333,0,5468cba2-4671-4822-ab4b-c163dc600f05,121.737,119.763,168.094,166.12,168.094,119.763
Base-93,2929,No,Base,93,No,207.5,165,0,7bea82a7-2b02-4159-8eba-81e4ab914289,156.849,154.396,216.528,214.075,216.528,154.396
Base-94,2931,No,Base,94,No,207.5,149.3333,0,4e7379e6-0c45-4ee7-b614-7793fdbaddcc,107.594,105.368,148.569,146.343,148.569,105.368
Base-96,2937,No,Base,96,No,230.5833,165,0,a7430f51-df28-4433-a330-64e1db3e0ae3,114.84,110.524,158.075,153.759,158.075,110.524
Base-98,2938,No,Base,98,No,225.5833,149.3333,0,cb1cbfe2-682c-462d-847e-39eb677dd903,91.091,89.211,125.691,123.811,125.691,89.211
Base-97,2939,No,Base,97,No,220.75,133.6667,0,a2f4e15a-880e-4aa0-8694-d6bd1e71bf35,157.217,156.962,217.351,217.097,217.351,156.962
Base-99,2941,No,Base,99,No,194,133.6667,0,69171dfc-6488-49ed-be25-705b01943b1a,163.356,162.738,225.879,225.26,225.879,162.738
Base-100,878,No,Base,100,No,196.75,110.3333,0,7af0a610-3aa2-466b-b25f-1a4c1279ba22,224.478,125.25,279.71,180.483,279.71,125.25
Base-95,2933,No,Base,95,No,143.8333,31.5,0,516ad8c4-278b-4877-be89-7dd4759be552,187.99,185.298,261.232,258.54,261.232,185.298
Base-103,2943,No,Base,103,No,143.8333,50,0,4010e290-7e72-4dc0-8138-7c0b7dbb066c,207.345,206.43,288.674,287.76,288.674,206.43
Base-104,2945,No,Base,104,No,143.8333,70,0,0a28e5a7-1041-4386-9011-e3f48a85a9c0,229.669,227.887,320.299,318.517,320.299,227.887
Base-105,2947,No,Base,105,No,168.1667,31.5,0,96eb7113-53ba-4bce-80e2-838896957ad5,210.242,209.752,292.551,292.061,292.551,209.752
Base-106,2949,No,Base,106,No,168.1667,50,0,fa5fd71b-54f9-45e5-937a-388d6f641a82,235.949,234.631,328.158,326.841,328.158,234.631
Base-107,2951,No,Base,107,No,168.1667,70,0,77225dc6-1b31-49cd-8ce4-9e55a687b1e9,253.974,253.407,354.131,353.564,354.131,253.407
Base-110,1179,No,Base,110,No,42.8333,69.0033,0,cfa520c8-d080-401e-a565-5806b383e781,24.624,-11.391,26.481,-9.534,26.481,-11.391
Base-123,2973,No,Base,123,No,42.8333,72.9183,0,050926cd-cf2b-4336-a8b6-41cd378e3364,30.79,-8.531,33.9,-5.421,33.9,-8.531
Base-126,1177,No,Base,126,No,42.8333,62,0,b5f17153-d095-4c7a-a613-fa3d3bff84e4,15.973,3.357,18.677,6.062,18.677,3.357
Base-143,1184,No,Base,143,No,42.8333,42,0,96339649-2f24-4b4d-9a36-afa7dc9e207e,16.869,15.192,21.283,19.606,21.283,15.192
Base-161,1175,No,Base,161,No,42.8333,52,0,d1e9ba93-c1c9-4d66-8d0e-3167801c078f,16.377,11.065,20.193,14.882,20.193,11.065
Base-162,1176,No,Base,162,No,42.8333,57,0,5206a267-ebe6-4df5-97f9-b94ece4b9697,20.562,13.026,25.251,17.715,25.251,13.026
Base-182,1185,No,Base,182,No,42.8333,47,0,5fa8d350-d683-4cc4-8aa5-6292be1723f1,13.712,13.043,17.426,16.757,17.426,13.043
Base-149,1093,No,Base,149,No,108.5833,14,0,9661ba3c-740b-460f-90ac-8ff02e29d52c,0,0,0,0,0,0
Base-230,967,No,Base,230,No,13.3333,40.0833,0,4b9237eb-ace4-48a3-b28b-0374ab13ab9c,-0.248,-0.298,-0.32,-0.37,-0.248,-0.37
Base-275,2712,No,Base,275,No,156.25,110.3333,0,8ea2f547-d4cd-4c2b-bae0-2d32ffcbcd02,74.219,-30.991,80.55,-24.659,80.55,-30.991
Base-279,3162,No,Base,279,No,120.75,31.5,0,1887c6af-6b88-4067-894b-468db63bce62,160.236,-101.547,169.616,-92.167,169.616,-101.547
Base-280,3134,No,Base,280,No,196.75,31.5,0,49768f49-11ef-4026-b6f3-d80e4d09f051,19.606,0.478,22.84,3.712,22.84,0.478
Base-290,3125,No,Base,290,No,246.4167,91.5,0,b8c48391-e2b1-461e-95fc-5957035fcc2d,30.301,-19.882,31.673,-18.511,31.673,-19.882
Base-652,6741,No,Base,652,No,50.9167,28.8333,0,f23ef2ee-f480-41cb-b55d-166329172c41,4.05,2.494,4.986,3.43,4.986,2.494
Base-1604,6830,No,Base,1604,No,122.75,91.5,0,b1f49f96-4cdb-46ad-a8bb-632acfb8a06c,45.003,15.775,54.202,24.974,54.202,15.775
Base-2075,5948,No,Base,2075,No,196.75,15.5,0,1f11a0e1-14b9-48cb-8b01-7d369974c4e4,52.59,-29.443,56.419,-25.613,56.419,-29.443
Base-2080,5957,No,Base,2080,No,196.75,73.8333,0,0a0bbd81-b87c-4deb-93ee-47f5edd65397,98.8,-63.261,104.363,-57.698,104.363,-63.261
Base-2316,5749,No,Base,2316,No,246.4167,123.6667,0,e542e038-539d-415d-b11c-15182814cb3e,25.097,21.073,32.153,28.13,32.153,21.073
Base-2635,3694,No,Base,2635,No,341,162,0,33ec7560-3e33-4795-bada-3e209312f679,13.648,-2.214,15.098,-0.763,15.098,-2.214
Base-2636,4914,No,Base,2636,No,341,177.8333,0,4115923a-b103-4f48-839b-e2b41379b349,13.391,3.316,15.553,5.478,15.553,3.316
Base-2637,6885,No,Base,2637,No,341,192.8333,0,b1f2b1c3-7874-4d2c-a7bf-c5aa7dbd43e1,10.087,2.18,11.651,3.743,11.651,2.18
Base-2638,6886,No,Base,2638,No,341,195.0833,0,5a16dd6a-1f80-406f-97ac-bd859e8587a6,4.228,2.207,5.068,3.047,5.068,2.207
Base-61,1273,No,Base,61,No,13.3333,27.5833,0,82e11bc9-94c1-44b0-9eb5-c31c271c5375,4.427,4.024,5.383,4.98,5.383,4.024
Base-3955,5947,No,Base,3955,No,0,27.5917,0,5981b1dd-289a-4432-a3fc-f85f91cfbef6,0,0,0,0,0,0
Base-4098,6894,No,Base,4098,No,0,97.125,0,d5096447-383d-4233-b1fb-7bae5bfa7a1d,9.858,6.504,12.44,9.086,12.44,6.504
Base-4119,6901,No,Base,4119,No,0,102.5174,0,3a3266b1-7b4f-4eec-b4be-c99fc0f07192,7.312,5.014,9.366,7.067,9.366,5.014
Base-4120,6903,No,Base,4120,No,0,105.3507,0,b4f72369-05ba-49ac-9f6a-5078cbf4ff12,7.047,4.883,9.098,6.934,9.098,4.883
Base-4124,6909,No,Base,4124,No,0,110.2047,0,d2126177-e694-4d30-8ba3-34495e8997c2,8.86,6.895,11.755,9.789,11.755,6.895
Base-4130,6916,No,Base,4130,No,0,121.9748,0,1f40e7a1-d0bf-4da1-a793-ed8fa9ebc389,4.773,3.242,6.488,4.958,6.488,3.242
Base-4136,6917,No,Base,4136,No,0,124.5142,0,9b075094-43c4-4b31-9fe5-07c5ff7bb8bc,6.393,5.402,8.964,7.972,8.964,5.402
Base-4140,6921,No,Base,4140,No,0,167.6856,0,6d57760b-a0fa-45e8-9c3c-787778196f13,8.119,-2.189,9.346,-0.962,9.346,-2.189
Base-4185,6995,No,Base,4185,No,337.4167,210.1667,0,f47e02f6-6743-494c-8213-69c6cedc42a3,57.165,-49.178,58.159,-48.185,58.159,-49.178
Base-4201,6993,No,Base,4201,No,337.4167,133.6667,0,a4520ae8-16f4-416b-aef9-8a031ef386cd,51.388,-43.864,52.308,-42.944,52.308,-43.864
Base-4214,7014,No,Base,4214,No,50.9167,184.3333,0,c6365518-2cac-44fe-9622-b8b5afdb9407,67.755,-9.448,76.077,-1.126,76.077,-9.448
Base-4207,6446,No,Base,4207,No,205.5,219.1667,0,a30ae824-379a-4359-8d4b-55a7c91a0a6a,28.193,-24.257,28.71,-23.739,28.71,-24.257
Base-3948,7036,No,Base,3948,No,30.9167,27.5833,0,1891aea3-09c0-4827-8018-e5047ec3efcc,5.562,5.444,6.784,6.666,6.784,5.444
Base-3947,7035,No,Base,3947,No,20.1333,27.5833,0,d62939bc-e3f8-4d7f-acf8-bd518f19f3bc,0,0,0,0,0,0
Base-4252,7043,No,Base,4252,No,196.75,65.3128,0,8b8a138a-5ef6-49b2-b458-cf99e2ed572f,128.123,-79.298,136.117,-71.305,136.117,-79.298
Base-2874,3084,No,Base,2874,Yes,196.75,78.5,0,8286bc80-559e-44ff-976c-1caba361ed81,227.498,-101.277,247.848,-80.927,247.848,-101.277
Base-4248,3211,No,Base,4248,Yes,196.75,81.3333,0,6485b4b9-a192-473d-af5b-21544a902590,307.794,-213.659,323.145,-198.307,323.145,-213.659
Base-4244,1163,No,Base,4244,No,0,47.75,0,876bb83f-e7eb-400c-acb3-1f8bebdb6739,45.696,-3.203,52.045,3.146,52.045,-3.203
Base-4084,1160,No,Base,4084,No,0,68.0833,0,aae05bc8-527e-4b00-99c7-4bcaba4372f8,9.664,-2.699,10.696,-1.668,10.696,-2.699
Base-4256,1161,No,Base,4256,No,0,61.0833,0,0e61a00c-e97e-4ae3-a5f1-cca7dc504770,29.099,-10.078,31.941,-7.237,31.941,-10.078
Base-3740,7045,No,Base,3740,No,246.4167,130.6111,0,f5544f01-fcc8-48ca-91aa-8fe1791d3c26,135.331,-91.088,141.963,-84.457,141.963,-91.088
Base-4268,7052,No,Base,4268,No,250.75,115.3333,0,6d884b86-37d7-4cd7-8277-68e9fa883841,93.695,-61.314,98.519,-56.49,98.519,-61.314
Base-4271,7057,No,Base,4271,No,250.75,133.6667,0,80a87af2-5012-41a9-abee-de0b2c104bbc,155.368,-113.229,161.669,-106.928,161.669,-113.229
Base-4274,7062,No,Base,4274,No,246.4167,118.3889,0,04553450-bbcc-4506-b38f-865e30cd8c1b,131.441,-84.993,138.499,-77.936,138.499,-84.993
Base-4278,7068,No,Base,4278,No,252.9167,115.3333,0,31499156-f4d2-44d6-833f-70c09a641b7d,27.33,-11.008,29.697,-8.64,29.697,-11.008
Base-4282,7074,No,Base,4282,No,251.2917,91.5,0,42adcc9d-1a6a-4a6c-a4d5-3f73cbe8155e,86.529,-74.503,88.195,-72.838,88.195,-74.503
Base-4283,7075,No,Base,4283,No,153.1667,93.5,0,32e347a2-2d1e-4c25-a475-9d40ed2bb422,80.887,-51.586,85.378,-47.095,85.378,-51.586
Base-4285,7078,No,Base,4285,No,150.8333,89.1667,0,88debcf5-8337-4bc2-90b1-562eff10c53e,138.241,-112.962,141.51,-109.693,141.51,-112.962
Base-4290,7120,No,Base,4290,No,154.7083,108,0,d31c8de2-1a77-46c3-b952-26c85ccde719,32.695,-6.656,36.462,-2.888,36.462,-6.656
Base-4292,7196,No,Base,4292,No,156.25,109.1667,0,c145ea4a-d39e-4c2c-83d9-9f1a1295bcad,74.835,-14.072,83.72,-5.186,83.72,-14.072
Base-4310,7168,No,Base,4310,No,157.25,2.25,0,26e36374-98f8-406a-a55b-6c7f2cb10edf,138.406,-97.596,144.365,-91.637,144.365,-97.596
Base-4331,7117,No,Base,4331,No,145.9028,133.6667,0,3d659169-bf9c-42f5-ac31-efe8b6fb01d1,147.952,-105.767,154.047,-99.672,154.047,-105.767
Base-4427,7358,No,Base,4427,No,154.1805,133.6667,0,3ef187f7-4d1f-4b13-82c9-374fd3a97404,156.424,-119.274,161.825,-113.873,161.825,-119.274
Base-4452,7403,No,Base,4452,No,159.7083,8.6667,0,7ddfd04d-0b2a-4442-82de-0f08001ee0b0,70.105,-38.314,74.656,-33.763,74.656,-38.314
Base-4453,7404,No,Base,4453,No,156.25,130.3333,0,1c42e01e-f04c-4c8d-93f1-f5509782ccc9,104.91,-71.921,109.816,-67.015,109.816,-71.921
Base-4455,7406,No,Base,4455,No,156.25,132,0,9ff3d8c9-148e-467a-9dcf-a7febe7aa3a5,128.061,-100.358,132.016,-96.403,132.016,-100.358
