Point,GlobalX,GlobalY
1,193.75,91.5
2,199.75,94.5
3,193.75,88.5
4,46.25,177.1667
5,0,27.5833
6,43.1666,23.0833
7,42.5,100.3333
8,42.5,23.0833
9,123.5,2.75
10,133.25,93.1667
11,1.3333,195.8333
12,118,-2.75
13,116,4.8333
14,1.3333,22.75
15,-1.3333,22.75
16,199.75,92.25
17,47.5834,194.3333
18,199.75,90.75
19,-1.3333,195.8333
20,-1.3333,194.3333
21,47.5834,195.8333
22,46.25,195.8333
23,43.1666,100.3333
24,47.5834,177.1667
27,195.5834,13.1042
28,50.9167,28.8333
29,156.25,110.333
30,196.75,70
31,125.5,-4.75
32,116,-4.75
33,125.5,4.8333
34,192,-4.75
35,145.4167,3
36,139.4167,-3
37,120.75,31.5
38,50.1667,219.9167
39,50.1667,218.4167
40,-1.3333,126.0833
41,201.5,-4.75
42,51.6667,189.1666
43,50.1667,189.1666
44,201.5,4.8333
45,145.4167,-3
46,128.75,219.9167
47,128.75,218.4167
48,128.75,220.0834
49,139.4167,3
50,128.75,218.25
51,180.3333,220.0834
52,180.3333,218.25
53,180.3333,219.9167
54,180.3333,218.4167
55,154.25,-3
56,208.25,219.9167
57,208.25,218.4167
58,193.6667,73.2917
59,196.75,31.5
60,199.8333,79.4583
61,192,4.8333
62,206.75,209.4166
63,246.417,91.5
65,122.75,91.5
66,246.4167,133.6667
67,196.75,15.5
68,196.75,73.8333
69,246.417,123.667
70,341,162
71,341,177.833
72,341,192.833
73,50.9167,110.3333
74,341,195.083
75,13.3333,27.5833
76,0,27.5917
77,50.9167,155.6667
78,0,97.125
79,0,102.517
80,0,105.351
81,0,110.2047
82,0,121.9748
83,0,124.514
84,0,167.686
85,30.9444,27.5833
86,20.1398,27.5833
87,196.75,75.5
88,196.75,17.5
89,196.75,23.7083
90,196.75,29.7083
91,196.75,32.8333
92,196.75,36.5
93,196.75,44.9375
94,196.75,47.6042
95,196.75,50
96,196.75,56.5
97,196.75,59.9792
98,196.75,62.6458
99,196.75,68.6458
100,196.75,76.8333
101,197.9166,13.1042
102,133.25,89.8333
103,196.75,91.5
104,143.8333,91.5
105,143.8333,93.1667
106,196.75,14
107,195.5834,14.75
108,175.5833,0
109,122.1667,89.8333
110,196.3611,19.2708
111,79.5833,110.3333
112,157.25,0
113,167.0833,8.6667
114,171.5833,8.6667
115,157.25,8.6667
116,162.1667,8.6667
117,157.25,4.5
118,175.5833,4.5
119,175.5833,8.6667
120,196.3611,28.1458
121,197.1389,19.2708
122,197.1389,28.1458
123,120.75,14
124,120.75,15.5
125,120.75,18.5
126,120.75,22
127,120.75,25.5
128,120.75,28.5
129,120.75,32.8333
130,120.75,50
131,120.75,53
132,120.75,56.5
133,120.75,58.8333
134,120.75,67.8333
135,120.75,73.8333
136,120.75,76.8333
137,120.75,80.5
138,120.75,83.8333
139,120.75,87.5
140,120.75,89.8333
141,120.75,91.5
142,120.75,64.8333
143,120.75,40.5
144,120.75,47.5
145,120.75,36.5
146,143.8333,100.3333
147,196.3611,34.3124
148,196.3611,43.1876
149,197.1389,34.3124
150,197.1389,43.1876
151,196.3611,49.3542
152,196.3611,58.2292
153,197.1389,49.3542
154,153.1667,91.5
155,197.1389,58.2292
156,196.3611,64.3958
157,196.3611,73.2917
158,127,91.5
159,133.25,91.5
160,197.1389,64.3958
161,197.1389,73.2917
162,196.3611,79.4583
163,143.8333,110.3333
164,193.6667,79.4583
165,143.8333,103.8333
166,197.1389,79.4583
167,199.8333,73.2917
168,119.3333,53
169,337.4167,210.1667
170,122.1666,53
171,119.3334,93.1667
172,119.25,28.5
173,119.25,25.5
174,245.8334,114.5833
175,245.8334,134.4167
176,247,114.5833
177,247,134.4167
178,246.4167,115.3333
179,143.8333,106.3333
180,246.4167,121.4444
181,246.4167,127.5556
182,122.25,25.5
183,122.25,28.5
184,122.25,50
185,48.6667,164.9999
186,48.6667,161.9999
187,255.0833,115.3333
188,143.8333,108
189,50.9167,188.3333
190,48.6667,114.4999
191,53.1667,114.4999
192,53.1667,161.9999
193,53.1667,164.9999
194,143.8333,114.1667
195,53.1667,189.1666
196,48.6667,189.1666
198,46.7501,114.4999
199,249.75,107
200,50.9167,180.3333
201,243.0834,113.6666
204,-0.4444,22.75
205,-0.4444,59.0833
206,0.4444,22.75
207,0.4444,59.0833
213,-0.4444,192.0833
214,-0.4444,186.0833
215,-0.4444,66.0625
216,0.4444,66.0625
217,0.4444,186.0833
219,143.8333,119.1667
220,143.8333,123.6667
221,143.8333,125.6667
222,143.8333,130.1667
223,143.8333,133.6667
224,153.1667,95.5
225,153.1667,100.3333
226,153.1667,103.8333
227,50.9167,158.8333
228,50.9167,162
229,50.9167,151.1667
230,50.9167,146.9167
231,50.9167,141.9167
232,153.1667,108
233,50.9167,128.9167
234,50.9167,133.6667
235,50.9167,118.9167
236,50.9167,120.9167
237,50.9167,137.7917
238,50.9167,124.9167
239,50.9167,111.9167
240,50.9167,177.8333
241,50.9167,165
242,50.9167,171.4167
243,156.25,108
244,146.9444,108
245,150.0556,108
246,156.25,110.8333
247,156.25,115.3333
248,156.25,119.3333
249,156.25,123.6667
250,156.25,128.6667
251,156.25,133.6667
252,147.9723,133.6667
253,152.1111,133.6667
255,0.4444,192.0833
256,341,165
257,341,158.0833
258,341,188.3333
259,341,182.1667
260,341,209
261,341,204.8333
262,341,210.1667
263,341,173.5833
264,341,196.5833
265,285.75,133.6667
266,277.75,133.6667
267,143.8333,89.1667
268,122.75,14
269,144,14
270,140.75,14
271,148,14
272,159.4167,14
273,157,14
274,167.0833,14
275,175.5833,14
276,183.5,14
277,192.75,14
278,188.125,14
279,127.3333,14
280,131.9167,14
281,136.3333,14
282,152.5,14
283,115.25,14
284,111.25,14
285,59.9167,91.5
286,53.9167,91.5
287,64.4167,91.5
288,70.4167,91.5
289,74.9167,91.5
290,78.9167,91.5
291,85.4167,91.5
292,91.4167,91.5
293,95.9167,91.5
294,101.9167,91.5
295,106.4167,91.5
296,112.4167,91.5
297,114.9167,91.5
298,118.4167,91.5
299,255.0833,133.6667
300,259.1667,133.6667
301,263.25,133.6667
302,267.3333,133.6667
303,271.4167,133.6667
304,255.0833,119
305,291.75,133.6667
306,298.6875,133.6667
307,305.625,133.6667
308,312.5625,133.6667
309,319.5,133.6667
310,326.6667,133.6667
311,333.8333,133.6667
312,341,133.6667
313,341,137.1667
314,341,141.1667
315,341,152.9167
316,341,149.3333
317,341,145.25
318,255.0833,110.3333
319,255.0833,97.7778
320,255.0833,91.5
321,255.0833,104.0556
322,213.7083,91.5
323,207.5,91.5
324,219.9167,91.5
325,226.125,91.5
326,232.3333,91.5
327,239.9167,91.5
328,247.5,91.5
329,202.125,91.5
330,60.4167,219.1667
331,50.9167,219.1667
332,67.4167,219.1667
333,73.4167,219.1667
334,80.9167,219.1667
335,86.4167,219.1667
336,93.4167,219.1667
337,100.0833,219.1667
338,108.25,219.1667
339,114.9167,219.1667
340,120.75,219.1667
341,128.75,219.1667
342,138.4167,219.1667
343,145.4167,219.1667
344,151.4167,219.1667
345,157.4167,219.1667
346,164.4167,219.1667
347,170.9167,219.1667
348,175.5833,219.1667
349,180.3333,219.1667
350,184.5,219.1667
351,190.5,219.1667
352,193.5,219.1667
353,197.5,219.1667
354,203.5,219.1667
355,207.5,219.1667
356,220.75,210.1667
357,213.1667,210.1667
358,229.5,210.1667
359,238.7083,210.1667
360,246.4167,210.1667
361,252.0833,210.1667
362,260.3056,210.1667
363,268.5278,210.1667
364,276.75,210.1667
365,298.0625,210.1667
366,168.1667,133.6667
367,290.9167,210.1667
368,305.2083,210.1667
369,312.3542,210.1667
370,319.5,210.1667
371,326.6667,210.1667
373,283.8333,210.1667
374,207.5,210.1667
375,207.5,214.6667
376,207.5,217.6667
377,16.8125,195.0833
378,11.2083,195.0833
379,50.9167,214.6667
380,50.9167,210.1667
381,50.9167,195.6111
382,50.9167,202.8889
383,106.9167,22
384,106.9167,14
385,106.9167,26.5
386,148.5,89.1667
387,153.1667,89.1667
388,106.9167,31.5
389,106.9167,36.125
390,106.9167,40.75
391,106.9167,45.375
392,106.9167,50
393,0.4444,195.8333
394,-0.4444,195.8333
395,50.9167,100.3333
396,50.9167,95.9167
397,50.9167,91.5
398,50.9167,87.5
399,50.9167,84.5
400,50.9167,81.5
401,50.9167,78.5
402,50.9167,69.5
403,50.9167,63.5
404,50.9167,60.5
405,50.9167,56.5
406,50.9167,53.5
407,50.9167,50
408,50.9167,74
409,46.9167,183.5833
410,46.9167,177.8333
411,46.9167,189.3333
412,46.9167,195.0833
413,0,171.9583
414,0,166.0833
415,0,177.8333
416,0,159.3333
417,0,155.1667
418,0,151.1667
419,0,148.0833
420,0,141.3333
421,0,133.6667
422,0,107.4167
423,0,100.3333
424,0,87.5
425,0,81.5
426,0,127.2917
427,0,120.9167
428,0,114.1667
429,0,93.9167
430,0,76.8333
431,0,69.5
432,0,66.0833
433,0,59.0833
434,0,56.5
435,0,50
436,0,31.5
437,0,23.0833
438,0,40.75
439,6.6667,23.0833
440,13.3333,23.0833
441,16.6667,23.0833
442,20,23.0833
443,25,23.0833
444,36.8889,23.0833
445,30.9444,23.0833
446,42.8333,23.0833
447,27.9722,23.0833
448,42.8333,57
449,42.8333,52
450,42.8333,62
451,42.8333,66.8333
452,42.8333,69.0033
453,42.8333,81.5
454,42.8333,76.8333
455,42.8333,28.8333
456,42.8333,34.5833
457,42.8333,42
458,42.8333,47
459,42.8333,87.5
460,42.8333,91.5
461,42.8333,95.9167
462,42.8333,100.3333
463,42.8333,72.9183
464,0,195.0833
468,5.6042,195.0833
469,22.4167,195.0833
470,27.6667,195.0833
471,34.0833,195.0833
512,337.4167,133.6667
526,337.4167,133.6667
527,196.75,88.5
528,0,192.0833
529,0,186.0833
530,0,180.3333
531,40.5,195.0833
532,337.4167,210.1667
533,333.8333,210.1667
561,270.9167,148.8333
562,271.9167,148.8333
563,271.9167,149.8333
564,270.9167,149.8333
569,270.9167,187.8333
570,271.9167,187.8333
571,271.9167,188.8333
572,270.9167,188.8333
573,291.25,187.8333
574,292.25,187.8333
575,292.25,188.8333
576,291.25,188.8333
577,319,187.8333
578,320,187.8333
579,320,188.8333
580,319,188.8333
581,270.9167,164.5
582,271.9167,164.5
583,271.9167,165.5
584,270.9167,165.5
585,291.25,164.5
586,292.25,164.5
587,292.25,165.5
588,291.25,165.5
589,319,164.5
590,320,164.5
591,320,165.5
592,319,165.5
593,291.25,148.8333
594,292.25,148.8333
595,292.25,149.8333
596,291.25,149.8333
597,319,148.8333
598,320,148.8333
599,320,149.8333
600,319,149.8333
601,79.0833,209.6667
602,80.0833,209.6667
603,80.0833,210.6667
604,79.0833,210.6667
605,99.5833,209.6667
606,100.5833,209.6667
607,100.5833,210.6667
608,99.5833,210.6667
609,128.25,209.6667
610,129.25,209.6667
611,129.25,210.6667
612,128.25,210.6667
613,155.75,209.6667
614,156.75,209.6667
615,156.75,210.6667
616,155.75,210.6667
617,179.8333,209.6667
618,180.8333,209.6667
619,180.8333,210.6667
620,179.8333,210.6667
621,78.8333,164.25
622,80.3333,164.25
623,80.3333,165.75
624,78.8333,165.75
625,78.8333,148.5833
626,120.75,0
627,80.3333,148.5833
628,80.3333,150.0833
629,78.8333,150.0833
630,78.8333,132.9167
631,80.3333,132.9167
632,80.3333,134.4167
633,78.8333,134.4167
634,99.3333,132.9167
635,100.8333,132.9167
636,100.8333,134.4167
637,99.3333,134.4167
638,99.3333,148.5833
639,100.8333,148.5833
640,100.8333,150.0833
641,99.3333,150.0833
642,100.3333,164.25
643,101.8333,164.25
644,101.8333,165.75
645,100.3333,165.75
646,128,164.25
647,129.5,164.25
648,129.5,165.75
649,128,165.75
650,128,148.5833
651,129.5,148.5833
652,129.5,150.0833
653,128,150.0833
654,128,132.9167
655,129.5,132.9167
656,129.5,134.4167
657,128,134.4167
658,168.1667,110.3333
659,155.5,164.25
660,157,164.25
661,168.1667,91.5
662,157,165.75
663,155.5,165.75
664,155.5,148.5833
665,157,148.5833
666,157,150.0833
667,155.5,150.0833
668,179.5833,164.25
669,181.0833,164.25
670,181.0833,165.75
671,179.5833,165.75
672,179.5833,148.5833
673,181.0833,148.5833
674,181.0833,150.0833
675,179.5833,150.0833
676,206.75,164.25
677,208.25,164.25
678,208.25,165.75
679,206.75,165.75
680,206.75,148.5833
681,208.25,148.5833
682,208.25,150.0833
683,206.75,150.0833
684,229.8333,164.25
685,231.3333,164.25
686,231.3333,165.75
687,229.8333,165.75
688,224.8333,148.5833
689,226.3333,148.5833
690,226.3333,150.0833
691,196.75,0
692,224.8333,150.0833
693,193.25,132.9167
694,194.75,132.9167
695,194.75,134.4167
696,193.25,134.4167
697,220,132.9167
698,246.4167,149.3333
699,221.5,132.9167
700,246.4167,165
701,246.4167,188.3333
702,221.5,134.4167
703,220,134.4167
704,143.0833,30.75
705,144.5833,30.75
706,144.5833,32.25
707,143.0833,32.25
708,143.0833,49.25
709,144.5833,49.25
710,144.5833,50.75
711,143.0833,50.75
712,143.0833,69.25
713,144.5833,69.25
714,144.5833,70.75
715,143.0833,70.75
716,167.4167,30.75
717,168.9167,30.75
718,168.9167,32.25
719,167.4167,32.25
720,167.4167,49.25
721,168.9167,49.25
722,168.9167,50.75
723,167.4167,50.75
724,167.4167,69.25
725,168.9167,69.25
726,168.9167,70.75
727,167.4167,70.75
728,120.75,0
729,168.1667,110.3333
730,168.1667,91.5
731,196.75,0
732,246.4167,149.3333
733,246.4167,165
734,246.4167,188.3333
735,79.5833,188.3333
736,100.0833,188.3333
737,128.75,188.3333
738,156.25,188.3333
739,180.3333,188.3333
740,207.5,188.3333
741,232.3333,188.3333
742,128.75,110.3333
744,246.4167,110.3333
745,196.75,110.3333
746,220.75,110.3333
747,142.4167,0
748,42.0833,161.1667
749,42.0833,177.8333
750,271.4167,149.3333
751,168.1667,133.6667
752,271.4167,188.3333
753,291.75,188.3333
754,319.5,188.3333
755,271.4167,165
756,291.75,165
757,319.5,165
758,291.75,149.3333
759,319.5,149.3333
760,79.5833,210.1667
761,100.0833,210.1667
762,128.75,210.1667
763,156.25,210.1667
764,180.3333,210.1667
765,79.5833,165
766,79.5833,149.3333
767,79.5833,133.6667
768,100.0833,133.6667
769,100.0833,149.3333
770,101.0833,165
771,128.75,165
772,128.75,149.3333
773,128.75,133.6667
774,156.25,165
775,156.25,149.3333
776,180.3333,165
777,180.3333,149.3333
778,207.5,165
779,207.5,149.3333
780,230.5833,165
781,225.5833,149.3333
782,194,133.6667
783,220.75,133.6667
784,143.8333,31.5
785,143.8333,50
786,143.8333,70
787,168.1667,31.5
788,168.1667,50
789,168.1667,70
790,341,158.0833
791,79.5833,188.3333
792,341,165
793,341,182.1667
794,100.0833,188.3333
795,341,188.3333
796,341,204.8333
797,341,209
798,341,210.1667
799,128.75,188.3333
800,341,173.5833
801,341,196.5833
802,277.75,133.6667
803,285.75,133.6667
804,156.25,188.3333
805,143.8333,89.1667
806,143.8333,91.5
807,196.75,23.7083
808,196.75,29.7083
809,196.75,32.8333
810,196.75,44.9375
811,196.75,47.6042
812,196.75,59.9792
813,207.5,188.3333
814,196.75,62.6458
815,196.75,68.6458
816,180.3333,188.3333
817,196.75,76.8333
818,143.8333,93.1667
819,232.3333,188.3333
820,196.75,36.5
821,196.75,50
822,196.75,56.5
823,120.75,14
824,122.75,14
825,196.75,14
826,196.75,17.5
827,140.75,14
828,144,14
829,148,14
830,157,14
831,159.4167,14
832,167.0833,14
833,167.0833,8.6667
834,171.5833,8.6667
835,175.5833,8.6667
836,175.5833,14
837,183.5,14
838,157.25,8.6667
839,162.1667,8.6667
840,157.25,0
841,157.25,4.5
842,175.5833,0
843,175.5833,4.5
844,192.75,14
845,120.75,22
846,120.75,25.5
847,120.75,28.5
848,120.75,32.8333
849,120.75,36.5
850,79.5833,110.3333
851,188.125,14
852,120.75,50
853,120.75,53
854,120.75,56.5
855,120.75,58.8333
856,120.75,64.8333
857,128.75,110.3333
858,120.75,67.8333
859,120.75,73.8333
860,120.75,76.8333
861,127.3333,14
862,246.4167,110.3333
863,131.9167,14
864,120.75,89.8333
865,120.75,91.5
866,120.75,15.5
867,196.75,110.3333
868,120.75,18.5
869,136.3333,14
870,152.5,14
871,120.75,80.5
872,220.75,110.3333
873,120.75,83.8333
874,120.75,87.5
875,111.25,14
876,115.25,14
877,120.75,40.5
878,120.75,47.5
879,143.8333,100.3333
880,127,91.5
881,133.25,91.5
882,143.8333,103.8333
883,53.9167,91.5
884,59.9167,91.5
885,64.4167,91.5
886,70.4167,91.5
887,74.9167,91.5
888,78.9167,91.5
889,85.4167,91.5
890,91.4167,91.5
891,95.9167,91.5
892,101.9167,91.5
893,106.4167,91.5
894,112.4167,91.5
895,114.9167,91.5
896,118.4167,91.5
897,143.8333,106.3333
898,246.4167,115.3333
899,246.4167,121.4444
900,246.4167,127.5556
901,246.4167,133.6667
902,142.4167,0
903,143.8333,108
904,255.0833,115.3333
905,255.0833,133.6667
906,259.1667,133.6667
907,263.25,133.6667
908,267.3333,133.6667
909,271.4167,133.6667
910,255.0833,119
911,291.75,133.6667
912,298.6875,133.6667
913,305.625,133.6667
914,312.5625,133.6667
915,319.5,133.6667
916,326.6667,133.6667
917,333.8333,133.6667
918,341,133.6667
919,341,137.1667
920,341,141.1667
921,143.8333,110.3333
922,341,149.3333
923,341,152.9167
924,341,145.25
925,255.0833,110.3333
926,255.0833,91.5
927,255.0833,97.7778
928,255.0833,104.0556
929,207.5,91.5
930,213.7083,91.5
931,219.9167,91.5
932,226.125,91.5
933,232.3333,91.5
934,239.9167,91.5
935,247.5,91.5
936,196.75,91.5
937,202.125,91.5
938,143.8333,114.1667
939,50.9167,219.1667
940,60.4167,219.1667
941,67.4167,219.1667
942,73.4167,219.1667
943,80.9167,219.1667
944,86.4167,219.1667
945,93.4167,219.1667
946,100.0833,219.1667
947,108.25,219.1667
948,114.9167,219.1667
949,120.75,219.1667
950,128.75,219.1667
951,138.4167,219.1667
952,145.4167,219.1667
953,151.4167,219.1667
954,157.4167,219.1667
955,164.4167,219.1667
956,170.9167,219.1667
957,175.5833,219.1667
958,180.3333,219.1667
959,184.5,219.1667
960,190.5,219.1667
961,143.8333,119.1667
962,193.5,219.1667
963,197.5,219.1667
964,203.5,219.1667
965,207.5,219.1667
966,213.1667,210.1667
967,220.75,210.1667
968,229.5,210.1667
969,238.7083,210.1667
970,246.4167,210.1667
971,252.0833,210.1667
972,143.8333,123.6667
973,260.3056,210.1667
974,268.5278,210.1667
975,276.75,210.1667
976,290.9167,210.1667
977,298.0625,210.1667
978,305.2083,210.1667
979,312.3542,210.1667
980,319.5,210.1667
981,326.6667,210.1667
982,333.8333,210.1667
983,283.8333,210.1667
984,207.5,210.1667
985,143.8333,125.6667
986,207.5,214.6667
987,207.5,217.6667
988,11.2083,195.0833
989,16.8125,195.0833
990,143.8333,130.1667
991,50.9167,210.1667
992,50.9167,214.6667
993,50.9167,188.3333
994,50.9167,195.6111
995,50.9167,202.8889
996,50.9167,180.3333
997,143.8333,133.6667
998,106.9167,14
999,106.9167,22
1000,106.9167,26.5
1001,148.5,89.1667
1002,153.1667,89.1667
1003,153.1667,91.5
1004,153.1667,95.5
1005,106.9167,31.5
1006,106.9167,36.125
1007,153.1667,100.3333
1008,153.1667,103.8333
1009,50.9167,155.6667
1010,50.9167,158.8333
1011,50.9167,162
1012,50.9167,151.1667
1013,50.9167,146.9167
1014,50.9167,141.9167
1015,153.1667,108
1016,50.9167,128.9167
1017,50.9167,133.6667
1018,106.9167,40.75
1019,106.9167,45.375
1020,106.9167,50
1021,50.9167,118.9167
1022,50.9167,120.9167
1023,50.9167,137.7917
1024,50.9167,124.9167
1025,50.9167,110.3333
1026,50.9167,111.9167
1027,50.9167,177.8333
1028,50.9167,165
1029,50.9167,171.4167
1030,-0.4333,126.0833
1032,50.9167,100.3333
1033,50.9167,91.5
1034,50.9167,95.9167
1035,50.9167,87.5
1036,156.25,108
1037,50.9167,84.5
1038,50.9167,81.5
1039,50.9167,78.5
1040,50.9167,63.5
1041,50.9167,69.5
1042,50.9167,60.5
1043,50.9167,56.5
1044,50.9167,53.5
1045,50.9167,50
1046,50.9167,74
1047,146.9444,108
1048,150.0556,108
1049,46.9167,177.8333
1050,46.9167,183.5833
1051,46.9167,189.3333
1052,46.9167,195.0833
1053,0,166.0833
1054,0,171.9583
1055,0,177.8333
1056,0,159.3333
1057,0,155.1667
1058,0,151.1667
1059,0,148.0833
1060,0,141.3333
1061,0,133.6667
1062,0,100.3333
1063,0,107.4167
1064,0,81.5
1065,0,87.5
1066,0,120.9167
1067,0,127.2917
1068,0,114.1667
1069,0,93.9167
1070,0,76.8333
1071,0,69.5
1072,0,66.0833
1073,0,59.0833
1074,0,56.5
1075,0,50
1076,0,23.0833
1077,0,31.5
1078,0,40.75
1079,6.6667,23.0833
1080,13.3333,23.0833
1081,16.6667,23.0833
1082,20,23.0833
1083,156.25,110.8333
1084,25,23.0833
1085,30.9444,23.0833
1086,36.8889,23.0833
1087,42.8333,23.0833
1088,27.9722,23.0833
1089,156.25,115.3333
1090,42.8333,52
1091,42.8333,57
1092,42.8333,62
1093,42.8333,66.8333
1094,42.8333,69.0033
1095,42.8333,76.8333
1096,42.8333,81.5
1097,42.8333,28.8333
1098,42.8333,34.5833
1099,42.8333,42
1100,42.8333,47
1101,42.8333,87.5
1102,42.8333,91.5
1103,42.8333,95.9167
1104,42.8333,100.3333
1105,156.25,119.3333
1106,156.25,123.6667
1107,156.25,128.6667
1108,156.25,133.6667
1109,147.9723,133.6667
1110,152.1111,133.6667
1111,42.8333,72.9183
1112,0,192.0833
1113,0,195.0833
1114,0,186.0833
1115,0,180.3333
1116,5.6042,195.0833
1117,22.4167,195.0833
1118,27.6667,195.0833
1119,34.0833,195.0833
1120,40.5,195.0833
1121,1.3333,41.25
1122,206.75,210.9166
1124,341.75,210.9167
1125,341.75,209.4167
1126,199.75,88.5
1127,341.75,132.9167
1128,1.3333,126.0833
1129,341.75,134.4167
1130,0.4333,126.0833
1133,193.75,94.5
1135,248.1667,134.4167
1136,0.4333,41.25
1138,248.1667,114.5833
1140,172.5833,-3
1145,255.8333,119.4167
1146,254.3333,119.4167
1147,160.25,3
1148,178.5833,3
1149,160.25,-3
1150,255.8333,90.75
1151,254.3333,90.75
1152,119.25,36.875
1155,154.25,3
1156,178.5833,-3
1157,199.8333,64.3958
1158,193.6667,58.2292
1159,199.8333,58.2292
1160,193.6667,64.3958
1161,0,61.0833
1163,0,47.75
1165,172.5833,3
1166,172.1667,137.6667
1167,193.6667,43.1876
1168,199.8333,49.3542
1169,199.8333,43.1876
1170,193.6667,49.3542
1175,164.1667,129.6667
1176,172.1667,129.6667
1177,164.1667,137.6667
1178,107.4166,35.375
1179,199.8333,34.3124
1180,193.6667,28.1458
1181,199.8333,28.1458
1182,193.6667,34.3124
1187,46.7501,106.1667
1188,55.0833,114.4999
1189,193.6667,13.1042
1190,199.8333,19.2708
1194,195.5834,19.2708
1196,197.9166,19.2708
1198,199.5,2.75
1199,194,-2.75
1207,142.1666,132
1208,142.1666,135.3334
1209,157.9167,135.3334
1210,157.9167,132
1211,157.9167,106.3333
1212,154.5833,106.3333
1213,154.5833,135.3334
1214,-1.3333,193.9583
1215,142.1667,106.6667
1216,42.0833,161.1667
1217,145.5,106.6667
1218,145.5,109.3333
1219,-0.4333,193.9583
1220,154.5833,109.3333
1221,154.5833,106.6666
1222,42.0833,177.8333
1223,157.9167,106.6666
1224,145.4999,135.3334
1225,1.3333,193.3333
1226,0.4333,193.3333
1227,271.4167,149.3333
1229,-1.3333,40.9167
1230,-0.4333,40.9167
1232,145.3333,106.6667
1233,142.3333,106.6667
1234,197.9167,7.9271
1235,195.5834,7.9271
1236,142.3333,87.3333
1237,145.3333,87.3333
1239,196.75,13.1042
1240,154.8333,87.3333
1241,151.5,87.3333
1243,48.6667,103.2499
1244,154.8333,106.6666
1245,151.5,106.6666
1247,196.75,2.75
1248,53.1667,103.2499
1253,122.1667,93.1667
1254,53.1667,171.4167
1255,51.4327,171.4167
1256,53.1667,183.5
1260,122.25,13.25
1261,119.25,13.25
1263,119.25,50
1264,51.3494,183.5
1266,242.6667,149.3333
1267,193.6667,13.25
1268,193.6667,14.75
1269,245.5507,149.3333
1270,250.1667,149.3333
1271,247.2827,149.3333
1272,246.4167,153.0833
1273,246.4167,150.1993
1274,246.4167,145.5833
1276,246.4167,148.4673
1277,176.5833,9.5
1278,176.5833,7.8333
1279,244.6667,124.5
1280,156.25,9.5
1281,156.25,7.8333
1282,245.984,124.5
1286,119.25,35.375
1287,107.4166,36.875
1290,195.0313,73.2917
1291,195.0313,76.8333
1292,198.4687,73.2917
1294,106.4167,13.25
1296,107.4167,13.25
1298,198.4687,76.8333
1299,106.4166,50.75
1300,107.4166,50.75
1304,14.0833,40.0833
1305,198.4687,19.2708
1306,143.8333,18
1308,198.4687,13.1042
1309,199.8333,16.1875
1310,197.0993,16.1875
1311,48.6667,183.6666
1312,12.5833,23.75
1313,14.0833,23.75
1314,12.5833,40.0833
1316,50.484,183.6666
1317,13.3333,40.0833
1319,122.1667,72.0729
1320,139.8333,18
1321,13.3333,26.6666
1322,147.8333,10
1323,139.8333,10
1324,147.8333,18
1325,121.0994,72.0729
1328,172.1666,18
1330,164.1666,10
1331,172.1666,10
1332,164.1666,18
1333,119.3334,72.0729
1334,48.6667,171.25
1335,-1.3333,189.0833
1336,1.3333,189.0833
1337,-1.3333,62.5834
1338,139.8333,14.75
1339,147.8333,14.75
1340,164.1666,14.75
1341,172.1666,14.75
1342,139.8333,13.25
1343,147.8333,13.25
1344,164.1666,13.25
1345,172.1666,13.25
1346,119.3334,92.25
1347,119.3334,90.75
1349,1.3333,62.5834
1350,50.1667,92.25
1351,120.4007,72.0729
1352,50.1667,90.75
1353,51.6666,50
1354,50.1666,50
1355,50.4007,171.25
1359,34.0833,22.75
1362,138.375,89.8333
1363,138.375,93.1667
1364,143.4792,91.5
1365,42.8333,23.4375
1366,34.0833,23.75
1368,45.5833,181.3333
1369,38.5833,174.3333
1370,45.5833,174.3333
1371,38.5833,181.3333
1372,38.5833,157.6667
1373,45.5833,164.6667
1374,45.5833,157.6667
1375,38.5833,164.6667
1376,81.6666,212.25
1377,77.5,208.0834
1378,148.5833,87.3333
1379,48.6667,138.2499
1380,98,208.0834
1381,126.6667,208.0834
1382,102.1666,212.25
1383,130.8333,212.25
1384,148.5833,88.8173
1385,122.25,27
1386,119.25,27
1388,158.3333,212.25
1389,182.4166,212.25
1390,154.1667,208.0834
1391,178.25,208.0834
1392,53.1667,138.2499
1393,50.4007,138.2499
1395,51.4327,138.2499
1396,50.9167,110.3165
1398,83.3333,192.0833
1399,103.8333,192.0833
1400,75.8333,184.5833
1401,96.3333,184.5833
1402,83.3333,184.5833
1403,75.8333,192.0833
1404,103.8333,184.5833
1405,96.3333,192.0833
1406,124.75,184.3333
1407,132.75,192.3333
1408,132.75,184.3333
1409,124.75,192.3333
1410,152.3333,184.4166
1411,176.4166,184.4166
1412,203.5833,184.4166
1413,160.1667,192.25
1414,184.25,192.25
1415,211.4167,192.25
1416,160.1667,184.4166
1417,152.3333,192.25
1418,53.1667,163.5
1419,48.6667,163.5
1420,46.7501,110.3333
1421,50.4006,110.3333
1422,184.25,184.4166
1423,176.4166,192.25
1424,211.4167,184.4166
1425,203.5833,192.25
1427,171.9167,114.0833
1428,250.1667,153.0833
1429,236.0833,192.0833
1430,164.4167,106.5833
1431,242.6667,145.5833
1432,228.5833,184.5833
1433,171.9167,106.5833
1434,164.4167,114.0833
1435,236.0833,184.5833
1436,228.5833,192.0833
1437,250.1667,145.5833
1438,242.6667,153.0833
1439,164.1667,87.5
1440,192.75,106.3333
1441,216.75,106.3333
1442,172.1667,95.5
1443,200.75,114.3333
1444,224.75,114.3333
1445,172.1667,87.5
1446,164.1667,95.5
1447,200.75,106.3333
1448,192.75,114.3333
1449,224.75,106.3333
1450,216.75,114.3333
1451,249.75,168.3333
1452,249.75,191.6666
1453,249.75,113.6666
1454,243.0834,161.6667
1455,243.0834,185
1456,243.0834,107
1459,249.75,161.6667
1460,243.0834,168.3333
1461,249.75,185
1462,243.0834,191.6666
1463,124.0834,105.6667
1464,74.9167,105.6667
1465,133.4166,114.9999
1466,84.2499,114.9999
1467,84.2499,105.6667
1468,74.9167,114.9999
1469,133.4166,105.6667
1470,124.0834,114.9999
1480,55.0833,110.3333
1481,51.4328,110.3333
1483,148.5,91
1484,48.573,114.4999
1485,148.5,89.516
1486,119.25,31.1354
1489,145.5,120.8334
1490,144.1827,120.8334
1491,48.573,110.3332
1493,53.2604,114.4999
1494,53.2604,110.3332
1498,145.3333,98.5834
1499,144.1827,98.5834
1500,164.4167,110.3333
1501,167.3007,110.3333
1502,248.1667,124.5
1503,246.8494,124.5
1504,171.9167,110.3333
1505,169.0327,110.3333
1506,196.75,94.5
1507,196.75,91.8493
1508,168.1667,114.0833
1509,122.1666,51.5
1510,196.75,91.1507
1511,196.734,91.5
1512,168.1667,111.1993
1513,168.1667,106.5833
1514,199.75,93.1771
1515,196.75,93.1771
1516,199.75,89.8229
1517,196.75,89.8229
1518,119.3333,51.5
1519,168.1667,109.4673
1521,50.9167,106.1665
1522,196.75,76.8493
1524,193.6667,76.375
1525,196.4007,76.375
1526,199.8333,76.375
1527,197.0993,76.375
1536,195.5834,68.8437
1537,196.4007,68.8437
1538,195.5834,83.9791
1539,197.9167,83.9791
1540,196.75,79.4583
1551,197.9166,68.8437
1553,197.0993,68.8437
1558,193.6667,61.3125
1559,196.4007,61.3125
1560,199.8333,61.3125
1561,197.0993,61.3125
1562,195.0313,64.3958
1563,195.0313,58.2291
1564,198.4687,64.3958
1565,198.4687,58.2291
1566,195.5834,53.7917
1567,196.4007,53.7917
1568,197.9166,53.7917
1571,197.0993,53.7917
1572,193.6667,46.2709
1573,196.4007,46.2709
1574,199.8333,46.2709
1575,197.0993,46.2709
1579,195.0313,49.3542
1580,195.0313,43.1875
1581,198.4687,49.3542
1582,198.4687,43.1875
1583,195.5834,38.75
1584,196.4007,38.75
1585,197.9166,38.75
1586,197.0993,38.75
1588,46.25,194.3333
1589,1.3333,194.3333
1592,193.6667,31.2291
1593,196.4007,31.2291
1594,199.8333,31.2291
1595,197.0993,31.2291
1596,195.0313,34.3124
1597,195.0313,28.1458
1598,198.4687,34.3124
1599,198.4687,28.1458
1600,195.5834,23.7083
1601,196.4007,23.7083
1602,197.9166,23.7083
1603,197.0993,23.7083
1604,47.5834,178.5
1605,48.6667,177.1667
1611,48.6667,178.5
1612,51.6667,218.4167
1613,206.75,218.4167
1614,208.25,210.9166
1615,340.25,209.4167
1616,340.25,134.4167
1617,248.1667,132.9167
1618,248.1667,116.0833
1619,254.3333,114.5833
1620,254.3333,116.0833
1621,254.3333,92.25
1622,158.25,7.8333
1623,156.25,3
1624,158.25,3
1625,174.5833,7.8333
1626,174.5833,3
1627,176.5833,3
1628,122.25,14.75
1629,119.25,14.75
1630,107.4167,14.75
1635,119.25,49.25
1636,119.25,50.75
1637,107.4166,49.25
1641,145.3333,91
1642,151.5,91
1643,145.4999,132
1644,154.5833,132
1645,1.3333,23.75
1646,51.6667,90.75
1687,193.6667,16.8542
1796,196.4007,16.8542
1824,195.0313,19.2708
1829,195.0313,14.4375
1832,194,0
1833,195.759,0
1842,199.5,0
1843,197.741,0
1845,196.75,-2.75
1846,196.75,-0.991
1847,196.75,0.991
1852,172.1666,16.2188
1853,164.1666,16.2188
1854,172.1666,11.7813
1855,164.1666,11.7813
1856,168.1666,18
1857,168.1666,14.4327
1858,168.1666,10
1859,168.1666,13.5673
1862,143.8333,14.4327
1863,143.8333,10
1864,143.8333,13.5676
1865,147.8333,14
1866,144.016,14
1869,139.8333,16.2188
1870,147.8333,16.2188
1875,139.8333,11.7813
1876,147.8333,11.7813
1881,38.625,69
1882,38.625,62
1883,34.0833,65.5
1884,43.1666,65.5
1888,122.25,19.9583
1889,119.25,19.9583
1890,121.0993,19.9583
1891,120.4007,19.9583
1897,120.4007,31.1354
1898,122.25,31.1354
1899,121.0993,31.1354
1901,119.25,41.8854
1903,120.4007,41.8854
1904,122.25,41.8854
1905,121.0993,41.8854
1917,127.1667,89.8333
1918,127.1667,91.1506
1922,126.2917,93.1667
1923,126.2917,91.8494
1938,154.8334,97.5
1939,153.5161,97.5
1942,151.5,98.5833
1943,152.8173,98.5833
1949,148.5,106.6667
1950,148.5,107.6507
1951,150.0417,109.3333
1952,150.0417,108.3493
1955,155.7083,106.6666
1956,155.7083,107.6506
1960,157.9167,121
1961,156.5994,121
1962,154.5833,120.8334
1963,155.9006,120.8334
1964,150.0416,135.3334
1965,150.0416,134.0161
1969,150.0416,132
1970,150.0416,133.3173
1974,142.1666,121
1975,143.4839,121
1981,142.3333,97
1982,143.484,97
1991,38.2812,62
1992,38.2812,23.4375
1993,34.0833,42.7187
1994,42.4791,42.7187
2000,34.0833,84.6666
2001,42.4791,84.6666
2002,38.2812,100.3333
2003,38.2812,69
2004,38.5833,177.8333
2005,41.3173,177.8333
2006,45.5833,177.8333
2007,42.8493,177.8333
2008,38.5833,161.1667
2009,41.3173,161.1667
2010,45.5833,161.1667
2011,42.8493,161.1667
2012,42.0833,181.3333
2013,42.0833,178.5993
2014,42.0833,174.3333
2015,42.0833,177.0673
2016,42.0833,164.6667
2017,42.0833,161.9327
2018,42.0833,157.6667
2019,42.0833,160.4007
2020,79.5833,192.0833
2021,79.5833,189.1993
2022,79.5833,184.5833
2023,79.5833,187.4673
2024,100.0833,192.0833
2025,100.0833,189.1993
2026,100.0833,184.5833
2027,100.0833,187.4673
2028,75.8333,188.3333
2029,78.7173,188.3333
2030,83.3333,188.3333
2031,80.4493,188.3333
2032,96.3333,188.3333
2033,99.2173,188.3333
2034,103.8333,188.3333
2035,100.9493,188.3333
2036,128.75,192.3333
2037,128.75,189.1993
2038,128.75,184.3333
2039,128.75,187.4673
2040,124.75,188.3333
2041,127.884,188.3333
2042,132.75,188.3333
2043,129.616,188.3333
2044,164.1667,133.6667
2045,167.3007,133.6667
2046,172.1667,133.6667
2047,169.0327,133.6667
2048,192.75,110.3333
2049,195.884,110.3333
2050,200.75,110.3333
2051,197.616,110.3333
2052,164.1667,91.5
2053,167.3007,91.5
2054,172.1667,91.5
2055,169.0327,91.5
2056,216.75,110.3333
2057,219.884,110.3333
2058,224.75,110.3333
2059,221.616,110.3333
2060,168.1667,87.5
2061,168.1667,90.634
2062,168.1667,95.5
2063,168.1667,92.366
2064,168.1667,137.6667
2065,168.1667,134.4327
2066,168.1667,129.6667
2067,168.1667,132.9007
2068,196.75,114.3333
2069,196.75,111.1993
2070,196.75,106.3333
2071,196.75,109.4673
2072,220.75,114.3333
2073,220.75,111.1993
2074,220.75,106.3333
2075,220.75,109.4673
2076,232.3333,192.0833
2077,232.3333,189.1993
2078,232.3333,184.5833
2079,232.3333,187.4673
2100,228.5833,188.3333
2101,231.4673,188.3333
2102,236.0833,188.3333
2103,233.1993,188.3333
2104,152.3333,188.3333
2105,155.384,188.3333
2106,160.1667,188.3333
2107,157.116,188.3333
2108,176.4166,188.3333
2109,179.4673,188.3333
2110,184.25,188.3333
2111,181.1993,188.3333
2112,203.5833,188.3333
2113,206.634,188.3333
2114,211.4167,188.3333
2115,208.366,188.3333
2116,207.5,192.25
2117,207.5,189.1993
2118,207.5,184.4166
2119,207.5,187.4673
2120,180.3333,192.25
2121,180.3333,189.1993
2122,180.3333,184.4166
2123,180.3333,187.4673
2124,156.25,192.25
2125,156.25,189.1833
2126,156.25,184.4166
2127,156.25,187.4673
2128,246.4167,191.6666
2129,246.4167,189.1993
2130,246.4167,185
2131,246.4167,187.4673
2132,246.4167,168.3333
2133,246.4167,165.5993
2134,246.4167,161.6667
2135,246.4167,164.4007
2136,246.4167,113.6666
2137,246.4167,111.1993
2138,246.4167,107
2139,246.4167,109.4673
2140,243.0834,188.3333
2141,245.5507,188.3333
2144,249.75,188.3333
2145,247.2827,188.3333
2146,243.0834,165
2147,245.5257,165
2148,249.75,165
2149,247.3077,165
2150,243.0834,110.3333
2151,245.5507,110.3333
2152,249.75,110.3333
2153,247.2827,110.3333
2154,74.9167,110.3333
2155,78.4673,110.3333
2156,84.2499,110.3333
2157,80.6993,110.3333
2158,124.0834,110.3333
2159,127.634,110.3333
2160,133.4166,110.3333
2161,129.866,110.3333
2162,128.75,114.9999
2163,128.75,111.1999
2164,128.75,105.6667
2165,128.75,109.4667
2166,79.5833,114.9999
2167,79.5833,111.1999
2168,79.5833,105.6667
2169,79.5833,109.4667
2170,120.75,2.75
2171,120.75,0.991
2172,120.75,-2.75
2173,120.75,-0.991
2178,118,0
2179,119.759,0
2180,123.5,0
2181,121.741,0
2182,139.4167,0
2183,141.5257,0
2184,145.4167,0
2185,143.3077,0
2186,142.4167,3
2187,142.4167,0.6333
2188,142.4167,-3
2189,142.4167,-0.6333
2190,157.25,-3
2191,157.25,-0.016
2192,154.25,0
2193,156.9007,0
2194,160.25,0
2195,157.5993,0
2200,155.5729,3
2201,155.5729,0
2202,158.9271,3
2203,158.9271,0
2206,173.7812,3
2207,173.7812,0
2208,177.3854,3
2209,177.3854,0
2210,175.5833,-3
2211,175.5833,-0.016
2212,172.5833,0
2213,174.984,0
2214,178.5833,0
2215,176.1826,0
2878,271.4167,188.3333
2880,291.75,188.3333
2882,319.5,188.3333
2884,271.4167,165
2886,291.75,165
2888,319.5,165
2890,291.75,149.3333
2892,319.5,149.3333
2894,79.5833,210.1667
2896,100.0833,210.1667
2898,128.75,210.1667
2900,156.25,210.1667
2902,180.3333,210.1667
2904,79.5833,165
2906,79.5833,149.3333
2908,79.5833,133.6667
2910,100.0833,133.6667
2912,100.0833,149.3333
2914,101.0833,165
2916,128.75,165
2918,128.75,149.3333
2920,128.75,133.6667
2922,156.25,165
2924,156.25,149.3333
2926,180.3333,165
2928,180.3333,149.3333
2930,207.5,165
2932,207.5,149.3333
2934,230.5833,165
2935,194,133.6667
2936,225.5833,149.3333
2940,220.75,133.6667
2942,143.8333,31.5
2944,143.8333,50
2946,143.8333,70
2948,168.1667,31.5
2950,168.1667,50
2952,168.1667,70
2953,50.9167,155.1667
2954,50.9167,109.8333
2955,120.75,82.8333
2956,111.0833,14
2957,111.0833,36.125
2958,111.0833,50
3084,196.75,78.5
3211,196.75,81.3333
6446,205.5,219.1667
7014,50.9167,184.3333
7036,30.9167,27.5833
7043,196.75,65.3128
7045,246.4167,130.6111
7052,250.75,115.3333
7057,250.75,133.6667
7062,246.4167,118.3889
7068,252.9167,115.3333
7074,251.2917,91.5
7075,153.1667,93.5
7078,150.8333,89.1667
7117,145.9028,133.6667
7120,154.7083,108
7168,157.25,2.25
7196,156.25,109.1667
7358,154.1805,133.6667
7403,159.7083,8.6667
7404,156.25,130.3333
7406,156.25,132
